,RAW-MonoYield (%),True,Predicted,Residual,SquaredResidual,sulfonamide,boronic_acid,catalyst,base,solvent
22,75.34127481,0.7534127,0.43775833,0.3156544,0.099637695,CC(=O)c1cccc(S(N)(=O)=O)c1,COc1ccc(B(O)O)cc1,CC(=O)[O-].CC(=O)[O-].[Cu+2],[Cs+].[F-],ClCCCl
23,66.93287409666667,0.66932875,0.49436498,0.17496377,0.030612322,NS(=O)(=O)Cc1ccccc1,COc1ccc(B(O)O)cc1,CC(=O)[O-].CC(=O)[O-].[Cu+2],[Cs+].[F-],ClCCCl
24,67.53152575,0.67531526,0.5605171,0.11479819,0.013178624,NS(=O)(=O)c1c(F)cccc1Br,COc1ccc(B(O)O)cc1,CC(=O)[O-].CC(=O)[O-].[Cu+2],[Cs+].[F-],ClCCCl
25,40.03832547666667,0.40038326,0.8815603,-0.48117706,0.23153137,NS(=O)(=O)C(F)(F)F,COc1ccc(B(O)O)cc1,CC(=O)[O-].CC(=O)[O-].[Cu+2],[Cs+].[F-],ClCCCl
26,67.63357065,0.6763357,0.5608817,0.11545402,0.013329631,Cc1c(Cl)cccc1S(N)(=O)=O,COc1ccc(B(O)O)cc1,CC(=O)[O-].CC(=O)[O-].[Cu+2],[Cs+].[F-],ClCCCl
27,73.75588318666667,0.73755884,0.47280025,0.2647586,0.07009711,NS(=O)(=O)c1cnc(Cl)c(Cl)c1,COc1ccc(B(O)O)cc1,CC(=O)[O-].CC(=O)[O-].[Cu+2],[Cs+].[F-],ClCCCl
28,62.55682872333333,0.6255683,0.5000952,0.12547308,0.015743494,NS(=O)(=O)c1ccc(Cl)s1,COc1ccc(B(O)O)cc1,CC(=O)[O-].CC(=O)[O-].[Cu+2],[Cs+].[F-],ClCCCl
29,85.20246074333333,0.8520246,0.5169789,0.3350457,0.11225562,N#Cc1ccccc1CS(N)(=O)=O,COc1ccc(B(O)O)cc1,CC(=O)[O-].CC(=O)[O-].[Cu+2],[Cs+].[F-],ClCCCl
30,42.481179096666665,0.42481178,0.55777746,-0.13296568,0.017679874,NS(=O)(=O)c1c(Cl)nc2sccn12,COc1ccc(B(O)O)cc1,CC(=O)[O-].CC(=O)[O-].[Cu+2],[Cs+].[F-],ClCCCl
31,101.34862193333332,1.0134863,0.5265302,0.48695606,0.2371262,COC(=O)c1ccc(I)cc1S(N)(=O)=O,COc1ccc(B(O)O)cc1,CC(=O)[O-].CC(=O)[O-].[Cu+2],[Cs+].[F-],ClCCCl
32,53.1053977,0.53105396,0.3668573,0.16419667,0.026960546,CS(N)(=O)=O,COc1ccc(B(O)O)cc1,CC(=O)[O-].CC(=O)[O-].[Cu+2],[Cs+].[F-],ClCCCl
33,22.826030048666667,0.2282603,0.6077816,-0.3795213,0.14403643,Cc1cccnc1S(N)(=O)=O,COc1ccc(B(O)O)cc1,CC(=O)[O-].CC(=O)[O-].[Cu+2],[Cs+].[F-],ClCCCl
34,53.371003736666665,0.53371006,0.39212847,0.1415816,0.020045348,CN(C)c1ccc(S(N)(=O)=O)cc1[N+](=O)[O-],COc1ccc(B(O)O)cc1,CC(=O)[O-].CC(=O)[O-].[Cu+2],[Cs+].[F-],ClCCCl
35,41.77340426333333,0.41773406,0.48662043,-0.06888637,0.004745332,NS(=O)(=O)c1cc(Cl)ccc1[N+](=O)[O-],COc1ccc(B(O)O)cc1,CC(=O)[O-].CC(=O)[O-].[Cu+2],[Cs+].[F-],ClCCCl
36,28.349676740000003,0.28349677,0.5311182,-0.24762145,0.061316382,NS(=O)(=O)c1ccc(OC(F)(F)F)cc1Cl,COc1ccc(B(O)O)cc1,CC(=O)[O-].CC(=O)[O-].[Cu+2],[Cs+].[F-],ClCCCl
37,63.06715999,0.6306716,0.4915824,0.13908923,0.019345812,COc1cccc(CS(N)(=O)=O)c1,COc1ccc(B(O)O)cc1,CC(=O)[O-].CC(=O)[O-].[Cu+2],[Cs+].[F-],ClCCCl
38,41.43171102333333,0.4143171,0.52290833,-0.10859123,0.011792055,NS(=O)(=O)c1cccc2nonc12,COc1ccc(B(O)O)cc1,CC(=O)[O-].CC(=O)[O-].[Cu+2],[Cs+].[F-],ClCCCl
39,38.862544856666666,0.38862544,0.4874246,-0.09879917,0.009761276,NS(=O)(=O)c1c(F)c(F)c(F)c(F)c1F,COc1ccc(B(O)O)cc1,CC(=O)[O-].CC(=O)[O-].[Cu+2],[Cs+].[F-],ClCCCl
40,54.42059330333333,0.5442059,0.49446976,0.049736142,0.0024736838,NS(=O)(=O)c1ccccc1,COc1ccc(B(O)O)cc1,CC(=O)[O-].CC(=O)[O-].[Cu+2],[Cs+].[F-],ClCCCl
41,57.37051043666667,0.5737051,0.4455868,0.12811828,0.016414292,Cc1nn(C)cc1S(N)(=O)=O,COc1ccc(B(O)O)cc1,CC(=O)[O-].CC(=O)[O-].[Cu+2],[Cs+].[F-],ClCCCl
42,55.08400730666667,0.5508401,0.4449075,0.10593259,0.011221714,C[Si](C)(C)CCS(N)(=O)=O,COc1ccc(B(O)O)cc1,CC(=O)[O-].CC(=O)[O-].[Cu+2],[Cs+].[F-],ClCCCl
131,75.23334098666668,0.7523334,0.4026061,0.3497273,0.122309186,CC(=O)c1cccc(S(N)(=O)=O)c1,COc1ccc(B(O)O)cc1,CC#N.CC#N.CC#N.CC#N.F[P-](F)(F)(F)(F)F.[Cu+],O=C([O-])[O-].[K+].[K+],ClCCCl
132,82.50917588666665,0.8250918,0.47580945,0.34928232,0.12199814,CC(=O)c1cccc(S(N)(=O)=O)c1,COc1ccc(B(O)O)cc1,CC(=O)[O-].CC(=O)[O-].[Cu+2],O=C([O-])[O-].[K+].[K+],ClCCCl
133,76.38658341,0.7638658,0.3441282,0.41973764,0.17617968,NS(=O)(=O)Cc1ccccc1,COc1ccc(B(O)O)cc1,CC#N.CC#N.CC#N.CC#N.F[P-](F)(F)(F)(F)F.[Cu+],O=C([O-])[O-].[K+].[K+],ClCCCl
134,68.51716792,0.68517166,0.4526183,0.23255336,0.054081067,NS(=O)(=O)Cc1ccccc1,COc1ccc(B(O)O)cc1,CC(=O)[O-].CC(=O)[O-].[Cu+2],O=C([O-])[O-].[K+].[K+],ClCCCl
135,35.44955348333333,0.35449553,0.499528,-0.14503247,0.021034416,NS(=O)(=O)c1c(F)cccc1Br,COc1ccc(B(O)O)cc1,CC#N.CC#N.CC#N.CC#N.F[P-](F)(F)(F)(F)F.[Cu+],O=C([O-])[O-].[K+].[K+],ClCCCl
136,71.46540135666667,0.714654,0.5511,0.16355401,0.026749915,NS(=O)(=O)c1c(F)cccc1Br,COc1ccc(B(O)O)cc1,CC(=O)[O-].CC(=O)[O-].[Cu+2],O=C([O-])[O-].[K+].[K+],ClCCCl
137,15.471827547666663,0.15471828,0.5872178,-0.43249953,0.18705584,NS(=O)(=O)C(F)(F)F,COc1ccc(B(O)O)cc1,CC#N.CC#N.CC#N.CC#N.F[P-](F)(F)(F)(F)F.[Cu+],O=C([O-])[O-].[K+].[K+],ClCCCl
138,40.05880481,0.40058804,0.66980994,-0.2692219,0.07248043,NS(=O)(=O)C(F)(F)F,COc1ccc(B(O)O)cc1,CC(=O)[O-].CC(=O)[O-].[Cu+2],O=C([O-])[O-].[K+].[K+],ClCCCl
139,43.953042720000006,0.43953043,0.48393512,-0.044404685,0.0019717761,Cc1c(Cl)cccc1S(N)(=O)=O,COc1ccc(B(O)O)cc1,CC#N.CC#N.CC#N.CC#N.F[P-](F)(F)(F)(F)F.[Cu+],O=C([O-])[O-].[K+].[K+],ClCCCl
140,54.59559261666666,0.5459559,0.5427313,0.0032246113,1.0398118e-05,Cc1c(Cl)cccc1S(N)(=O)=O,COc1ccc(B(O)O)cc1,CC(=O)[O-].CC(=O)[O-].[Cu+2],O=C([O-])[O-].[K+].[K+],ClCCCl
141,49.51916450666666,0.49519163,0.53781724,-0.042625606,0.0018169422,NS(=O)(=O)c1cnc(Cl)c(Cl)c1,COc1ccc(B(O)O)cc1,CC#N.CC#N.CC#N.CC#N.F[P-](F)(F)(F)(F)F.[Cu+],O=C([O-])[O-].[K+].[K+],ClCCCl
142,77.14306394666666,0.7714306,0.59584206,0.17558855,0.030831339,NS(=O)(=O)c1cnc(Cl)c(Cl)c1,COc1ccc(B(O)O)cc1,CC(=O)[O-].CC(=O)[O-].[Cu+2],O=C([O-])[O-].[K+].[K+],ClCCCl
143,26.78361848533333,0.26783618,0.4744094,-0.20657322,0.042672496,NS(=O)(=O)c1ccc(Cl)s1,COc1ccc(B(O)O)cc1,CC#N.CC#N.CC#N.CC#N.F[P-](F)(F)(F)(F)F.[Cu+],O=C([O-])[O-].[K+].[K+],ClCCCl
144,37.93174950333333,0.3793175,0.5424743,-0.16315684,0.026620153,NS(=O)(=O)c1ccc(Cl)s1,COc1ccc(B(O)O)cc1,CC(=O)[O-].CC(=O)[O-].[Cu+2],O=C([O-])[O-].[K+].[K+],ClCCCl
145,67.13789304333334,0.6713789,0.45181924,0.21955967,0.04820645,N#Cc1ccccc1CS(N)(=O)=O,COc1ccc(B(O)O)cc1,CC#N.CC#N.CC#N.CC#N.F[P-](F)(F)(F)(F)F.[Cu+],O=C([O-])[O-].[K+].[K+],ClCCCl
146,100.49775749333334,1.0049776,0.52193505,0.48304254,0.2333301,N#Cc1ccccc1CS(N)(=O)=O,COc1ccc(B(O)O)cc1,CC(=O)[O-].CC(=O)[O-].[Cu+2],O=C([O-])[O-].[K+].[K+],ClCCCl
147,20.448650329666663,0.2044865,0.5886884,-0.38420188,0.14761108,NS(=O)(=O)c1c(Cl)nc2sccn12,COc1ccc(B(O)O)cc1,CC#N.CC#N.CC#N.CC#N.F[P-](F)(F)(F)(F)F.[Cu+],O=C([O-])[O-].[K+].[K+],ClCCCl
148,43.10031485333334,0.43100315,0.6061222,-0.17511904,0.03066668,NS(=O)(=O)c1c(Cl)nc2sccn12,COc1ccc(B(O)O)cc1,CC(=O)[O-].CC(=O)[O-].[Cu+2],O=C([O-])[O-].[K+].[K+],ClCCCl
149,56.76036463333333,0.56760365,0.5196389,0.04796475,0.0023006175,COC(=O)c1ccc(I)cc1S(N)(=O)=O,COc1ccc(B(O)O)cc1,CC#N.CC#N.CC#N.CC#N.F[P-](F)(F)(F)(F)F.[Cu+],O=C([O-])[O-].[K+].[K+],ClCCCl
150,62.05490880333334,0.6205491,0.58166784,0.038881242,0.001511751,COC(=O)c1ccc(I)cc1S(N)(=O)=O,COc1ccc(B(O)O)cc1,CC(=O)[O-].CC(=O)[O-].[Cu+2],O=C([O-])[O-].[K+].[K+],ClCCCl
151,28.31549818333333,0.283155,0.15543099,0.127724,0.016313422,CS(N)(=O)=O,COc1ccc(B(O)O)cc1,CC#N.CC#N.CC#N.CC#N.F[P-](F)(F)(F)(F)F.[Cu+],O=C([O-])[O-].[K+].[K+],ClCCCl
152,64.21563351666667,0.64215636,0.2258921,0.41626427,0.17327593,CS(N)(=O)=O,COc1ccc(B(O)O)cc1,CC(=O)[O-].CC(=O)[O-].[Cu+2],O=C([O-])[O-].[K+].[K+],ClCCCl
153,15.627389884,0.1562739,0.38470432,-0.22843042,0.052180458,Cc1cccnc1S(N)(=O)=O,COc1ccc(B(O)O)cc1,CC#N.CC#N.CC#N.CC#N.F[P-](F)(F)(F)(F)F.[Cu+],O=C([O-])[O-].[K+].[K+],ClCCCl
154,42.105097693333335,0.42105097,0.47697353,-0.055922568,0.0031273337,Cc1cccnc1S(N)(=O)=O,COc1ccc(B(O)O)cc1,CC(=O)[O-].CC(=O)[O-].[Cu+2],O=C([O-])[O-].[K+].[K+],ClCCCl
155,54.69509180333333,0.54695094,0.30310678,0.24384415,0.05945997,CN(C)c1ccc(S(N)(=O)=O)cc1[N+](=O)[O-],COc1ccc(B(O)O)cc1,CC#N.CC#N.CC#N.CC#N.F[P-](F)(F)(F)(F)F.[Cu+],O=C([O-])[O-].[K+].[K+],ClCCCl
156,65.02759066,0.6502759,0.37257892,0.27769697,0.0771156,CN(C)c1ccc(S(N)(=O)=O)cc1[N+](=O)[O-],COc1ccc(B(O)O)cc1,CC(=O)[O-].CC(=O)[O-].[Cu+2],O=C([O-])[O-].[K+].[K+],ClCCCl
157,15.18383993,0.15183839,0.4760903,-0.32425192,0.10513931,NS(=O)(=O)c1cc(Cl)ccc1[N+](=O)[O-],COc1ccc(B(O)O)cc1,CC#N.CC#N.CC#N.CC#N.F[P-](F)(F)(F)(F)F.[Cu+],O=C([O-])[O-].[K+].[K+],ClCCCl
158,36.182306536666665,0.36182305,0.52567065,-0.1638476,0.026846034,NS(=O)(=O)c1cc(Cl)ccc1[N+](=O)[O-],COc1ccc(B(O)O)cc1,CC(=O)[O-].CC(=O)[O-].[Cu+2],O=C([O-])[O-].[K+].[K+],ClCCCl
159,23.235349876666664,0.2323535,0.5032839,-0.2709304,0.073403284,NS(=O)(=O)c1ccc(OC(F)(F)F)cc1Cl,COc1ccc(B(O)O)cc1,CC#N.CC#N.CC#N.CC#N.F[P-](F)(F)(F)(F)F.[Cu+],O=C([O-])[O-].[K+].[K+],ClCCCl
160,36.28301115333333,0.3628301,0.5687103,-0.20588022,0.042386666,NS(=O)(=O)c1ccc(OC(F)(F)F)cc1Cl,COc1ccc(B(O)O)cc1,CC(=O)[O-].CC(=O)[O-].[Cu+2],O=C([O-])[O-].[K+].[K+],ClCCCl
161,44.03524655333334,0.44035247,0.37467906,0.06567341,0.0043129968,COc1cccc(CS(N)(=O)=O)c1,COc1ccc(B(O)O)cc1,CC#N.CC#N.CC#N.CC#N.F[P-](F)(F)(F)(F)F.[Cu+],O=C([O-])[O-].[K+].[K+],ClCCCl
162,76.39919634,0.76399195,0.4866705,0.27732146,0.07690719,COc1cccc(CS(N)(=O)=O)c1,COc1ccc(B(O)O)cc1,CC(=O)[O-].CC(=O)[O-].[Cu+2],O=C([O-])[O-].[K+].[K+],ClCCCl
163,1.8888427546666664,0.018888427,0.4800089,-0.4611205,0.2126321,NS(=O)(=O)c1cccc2nonc12,COc1ccc(B(O)O)cc1,CC#N.CC#N.CC#N.CC#N.F[P-](F)(F)(F)(F)F.[Cu+],O=C([O-])[O-].[K+].[K+],ClCCCl
164,6.305433165666667,0.06305433,0.5418643,-0.47880995,0.22925897,NS(=O)(=O)c1cccc2nonc12,COc1ccc(B(O)O)cc1,CC(=O)[O-].CC(=O)[O-].[Cu+2],O=C([O-])[O-].[K+].[K+],ClCCCl
165,4.779901229666667,0.047799014,0.38559955,-0.33780053,0.1141092,NS(=O)(=O)c1c(F)c(F)c(F)c(F)c1F,COc1ccc(B(O)O)cc1,CC#N.CC#N.CC#N.CC#N.F[P-](F)(F)(F)(F)F.[Cu+],O=C([O-])[O-].[K+].[K+],ClCCCl
166,3.046626727,0.030466268,0.47653967,-0.4460734,0.1989815,NS(=O)(=O)c1c(F)c(F)c(F)c(F)c1F,COc1ccc(B(O)O)cc1,CC(=O)[O-].CC(=O)[O-].[Cu+2],O=C([O-])[O-].[K+].[K+],ClCCCl
167,26.784851516666663,0.26784852,0.37697458,-0.10912606,0.011908498,NS(=O)(=O)c1ccccc1,COc1ccc(B(O)O)cc1,CC#N.CC#N.CC#N.CC#N.F[P-](F)(F)(F)(F)F.[Cu+],O=C([O-])[O-].[K+].[K+],ClCCCl
168,47.802950466666665,0.47802952,0.47408968,0.003939837,1.5522317e-05,NS(=O)(=O)c1ccccc1,COc1ccc(B(O)O)cc1,CC(=O)[O-].CC(=O)[O-].[Cu+2],O=C([O-])[O-].[K+].[K+],ClCCCl
169,49.49304649666667,0.49493048,0.39879993,0.09613055,0.009241083,Cc1nn(C)cc1S(N)(=O)=O,COc1ccc(B(O)O)cc1,CC#N.CC#N.CC#N.CC#N.F[P-](F)(F)(F)(F)F.[Cu+],O=C([O-])[O-].[K+].[K+],ClCCCl
170,52.98148039666666,0.5298148,0.46291095,0.06690383,0.0044761226,Cc1nn(C)cc1S(N)(=O)=O,COc1ccc(B(O)O)cc1,CC(=O)[O-].CC(=O)[O-].[Cu+2],O=C([O-])[O-].[K+].[K+],ClCCCl
171,17.999300449666666,0.179993,0.27191985,-0.09192684,0.008450544,C[Si](C)(C)CCS(N)(=O)=O,COc1ccc(B(O)O)cc1,CC#N.CC#N.CC#N.CC#N.F[P-](F)(F)(F)(F)F.[Cu+],O=C([O-])[O-].[K+].[K+],ClCCCl
172,41.90125163,0.41901252,0.3602323,0.058780223,0.0034551146,C[Si](C)(C)CCS(N)(=O)=O,COc1ccc(B(O)O)cc1,CC(=O)[O-].CC(=O)[O-].[Cu+2],O=C([O-])[O-].[K+].[K+],ClCCCl
173,17.25872371466667,0.17258723,0.4976601,-0.32507288,0.10567238,CC(C)c1cc(C(C)C)c(S(N)(=O)=O)c(C(C)C)c1,COc1ccc(B(O)O)cc1,CC#N.CC#N.CC#N.CC#N.F[P-](F)(F)(F)(F)F.[Cu+],O=C([O-])[O-].[K+].[K+],ClCCCl
174,14.025379592666669,0.1402538,0.54523855,-0.40498477,0.16401267,CC(C)c1cc(C(C)C)c(S(N)(=O)=O)c(C(C)C)c1,COc1ccc(B(O)O)cc1,CC(=O)[O-].CC(=O)[O-].[Cu+2],O=C([O-])[O-].[K+].[K+],ClCCCl
197,72.46235444,0.72462356,0.4280597,0.29656386,0.087950125,CC(=O)c1cccc(S(N)(=O)=O)c1,COc1ccc(B(O)O)cc1,CC(=O)[O-].CC(=O)[O-].[Cu+2],CC(C)(C)[O-].[K+],ClCCCl
198,44.89049678333333,0.44890496,0.43872702,0.01017794,0.000103590464,NS(=O)(=O)Cc1ccccc1,COc1ccc(B(O)O)cc1,CC(=O)[O-].CC(=O)[O-].[Cu+2],CC(C)(C)[O-].[K+],ClCCCl
199,64.79839426333334,0.64798397,0.5122424,0.13574159,0.01842578,NS(=O)(=O)c1c(F)cccc1Br,COc1ccc(B(O)O)cc1,CC(=O)[O-].CC(=O)[O-].[Cu+2],CC(C)(C)[O-].[K+],ClCCCl
200,60.98057166666666,0.6098057,0.9571974,-0.34739172,0.12068101,NS(=O)(=O)C(F)(F)F,COc1ccc(B(O)O)cc1,CC(=O)[O-].CC(=O)[O-].[Cu+2],CC(C)(C)[O-].[K+],ClCCCl
201,58.49380226,0.58493805,0.529639,0.055299044,0.0030579842,Cc1c(Cl)cccc1S(N)(=O)=O,COc1ccc(B(O)O)cc1,CC(=O)[O-].CC(=O)[O-].[Cu+2],CC(C)(C)[O-].[K+],ClCCCl
202,84.58429714,0.84584296,0.5606179,0.28522503,0.08135332,NS(=O)(=O)c1cnc(Cl)c(Cl)c1,COc1ccc(B(O)O)cc1,CC(=O)[O-].CC(=O)[O-].[Cu+2],CC(C)(C)[O-].[K+],ClCCCl
203,47.42727852666667,0.4742728,0.45662242,0.017650366,0.0003115354,NS(=O)(=O)c1ccc(Cl)s1,COc1ccc(B(O)O)cc1,CC(=O)[O-].CC(=O)[O-].[Cu+2],CC(C)(C)[O-].[K+],ClCCCl
204,97.60158599333332,0.97601587,0.47495723,0.50105864,0.25105977,N#Cc1ccccc1CS(N)(=O)=O,COc1ccc(B(O)O)cc1,CC(=O)[O-].CC(=O)[O-].[Cu+2],CC(C)(C)[O-].[K+],ClCCCl
205,36.13199226,0.36131993,0.5775521,-0.21623215,0.046756342,NS(=O)(=O)c1c(Cl)nc2sccn12,COc1ccc(B(O)O)cc1,CC(=O)[O-].CC(=O)[O-].[Cu+2],CC(C)(C)[O-].[K+],ClCCCl
206,39.978038706666666,0.3997804,0.583866,-0.18408561,0.03388751,COC(=O)c1ccc(I)cc1S(N)(=O)=O,COc1ccc(B(O)O)cc1,CC(=O)[O-].CC(=O)[O-].[Cu+2],CC(C)(C)[O-].[K+],ClCCCl
207,58.43163917,0.5843164,0.2622592,0.3220572,0.10372083,CS(N)(=O)=O,COc1ccc(B(O)O)cc1,CC(=O)[O-].CC(=O)[O-].[Cu+2],CC(C)(C)[O-].[K+],ClCCCl
208,52.73701725666666,0.52737015,0.5325767,-0.0052065253,2.7107906e-05,Cc1cccnc1S(N)(=O)=O,COc1ccc(B(O)O)cc1,CC(=O)[O-].CC(=O)[O-].[Cu+2],CC(C)(C)[O-].[K+],ClCCCl
209,59.05681201666667,0.5905681,0.24421243,0.34635568,0.11996225,CN(C)c1ccc(S(N)(=O)=O)cc1[N+](=O)[O-],COc1ccc(B(O)O)cc1,CC(=O)[O-].CC(=O)[O-].[Cu+2],CC(C)(C)[O-].[K+],ClCCCl
210,35.962562913333336,0.35962564,0.55638653,-0.1967609,0.03871485,NS(=O)(=O)c1cc(Cl)ccc1[N+](=O)[O-],COc1ccc(B(O)O)cc1,CC(=O)[O-].CC(=O)[O-].[Cu+2],CC(C)(C)[O-].[K+],ClCCCl
211,23.18596982,0.2318597,0.5423582,-0.31049854,0.09640934,NS(=O)(=O)c1ccc(OC(F)(F)F)cc1Cl,COc1ccc(B(O)O)cc1,CC(=O)[O-].CC(=O)[O-].[Cu+2],CC(C)(C)[O-].[K+],ClCCCl
212,57.890179890000006,0.5789018,0.44165432,0.1372475,0.018836876,COc1cccc(CS(N)(=O)=O)c1,COc1ccc(B(O)O)cc1,CC(=O)[O-].CC(=O)[O-].[Cu+2],CC(C)(C)[O-].[K+],ClCCCl
213,3.723934066,0.03723934,0.5021316,-0.46489224,0.21612479,NS(=O)(=O)c1cccc2nonc12,COc1ccc(B(O)O)cc1,CC(=O)[O-].CC(=O)[O-].[Cu+2],CC(C)(C)[O-].[K+],ClCCCl
214,4.804183044999999,0.04804183,0.5293275,-0.4812857,0.23163591,NS(=O)(=O)c1c(F)c(F)c(F)c(F)c1F,COc1ccc(B(O)O)cc1,CC(=O)[O-].CC(=O)[O-].[Cu+2],CC(C)(C)[O-].[K+],ClCCCl
215,51.5346218,0.5153462,0.41028208,0.10506415,0.011038477,NS(=O)(=O)c1ccccc1,COc1ccc(B(O)O)cc1,CC(=O)[O-].CC(=O)[O-].[Cu+2],CC(C)(C)[O-].[K+],ClCCCl
216,33.56766905666667,0.3356767,0.31568432,0.019992381,0.0003996953,Cc1nn(C)cc1S(N)(=O)=O,COc1ccc(B(O)O)cc1,CC(=O)[O-].CC(=O)[O-].[Cu+2],CC(C)(C)[O-].[K+],ClCCCl
217,25.77527596133333,0.25775275,0.38203695,-0.12428421,0.015446564,C[Si](C)(C)CCS(N)(=O)=O,COc1ccc(B(O)O)cc1,CC(=O)[O-].CC(=O)[O-].[Cu+2],CC(C)(C)[O-].[K+],ClCCCl
218,1.990894763,0.019908948,0.44344658,-0.42353764,0.17938413,CC(C)c1cc(C(C)C)c(S(N)(=O)=O)c(C(C)C)c1,COc1ccc(B(O)O)cc1,CC(=O)[O-].CC(=O)[O-].[Cu+2],CC(C)(C)[O-].[K+],ClCCCl
307,51.14894703666666,0.51148945,0.27438718,0.23710227,0.056217488,CC(=O)c1cccc(S(N)(=O)=O)c1,COc1ccc(B(O)O)cc1,CN(C)CCN(C)C.CN(C)CCN(C)C.[Cl-].[Cl-].[Cu+2].[Cu+2].[OH-].[OH-],O=P([O-])([O-])[O-].[K+].[K+].[K+],ClCCCl
308,41.37016215333333,0.41370162,0.23925692,0.1744447,0.030430956,NS(=O)(=O)Cc1ccccc1,COc1ccc(B(O)O)cc1,CN(C)CCN(C)C.CN(C)CCN(C)C.[Cl-].[Cl-].[Cu+2].[Cu+2].[OH-].[OH-],O=P([O-])([O-])[O-].[K+].[K+].[K+],ClCCCl
309,31.03620482,0.31036204,0.37506825,-0.06470621,0.0041868933,NS(=O)(=O)c1c(F)cccc1Br,COc1ccc(B(O)O)cc1,CN(C)CCN(C)C.CN(C)CCN(C)C.[Cl-].[Cl-].[Cu+2].[Cu+2].[OH-].[OH-],O=P([O-])([O-])[O-].[K+].[K+].[K+],ClCCCl
310,3.667243264,0.036672432,0.6653968,-0.6287244,0.39529437,NS(=O)(=O)C(F)(F)F,COc1ccc(B(O)O)cc1,CN(C)CCN(C)C.CN(C)CCN(C)C.[Cl-].[Cl-].[Cu+2].[Cu+2].[OH-].[OH-],O=P([O-])([O-])[O-].[K+].[K+].[K+],ClCCCl
311,18.083206733333338,0.18083207,0.3748759,-0.19404383,0.037653007,Cc1c(Cl)cccc1S(N)(=O)=O,COc1ccc(B(O)O)cc1,CN(C)CCN(C)C.CN(C)CCN(C)C.[Cl-].[Cl-].[Cu+2].[Cu+2].[OH-].[OH-],O=P([O-])([O-])[O-].[K+].[K+].[K+],ClCCCl
312,33.82039417,0.33820394,0.3633868,-0.025182873,0.00063417706,NS(=O)(=O)c1cnc(Cl)c(Cl)c1,COc1ccc(B(O)O)cc1,CN(C)CCN(C)C.CN(C)CCN(C)C.[Cl-].[Cl-].[Cu+2].[Cu+2].[OH-].[OH-],O=P([O-])([O-])[O-].[K+].[K+].[K+],ClCCCl
313,16.024999973333333,0.16025,0.31244248,-0.15219249,0.023162553,NS(=O)(=O)c1ccc(Cl)s1,COc1ccc(B(O)O)cc1,CN(C)CCN(C)C.CN(C)CCN(C)C.[Cl-].[Cl-].[Cu+2].[Cu+2].[OH-].[OH-],O=P([O-])([O-])[O-].[K+].[K+].[K+],ClCCCl
314,52.38053036666667,0.5238053,0.27863657,0.24516875,0.060107715,N#Cc1ccccc1CS(N)(=O)=O,COc1ccc(B(O)O)cc1,CN(C)CCN(C)C.CN(C)CCN(C)C.[Cl-].[Cl-].[Cu+2].[Cu+2].[OH-].[OH-],O=P([O-])([O-])[O-].[K+].[K+].[K+],ClCCCl
315,20.21936875333333,0.20219369,0.45705068,-0.254857,0.06495209,NS(=O)(=O)c1c(Cl)nc2sccn12,COc1ccc(B(O)O)cc1,CN(C)CCN(C)C.CN(C)CCN(C)C.[Cl-].[Cl-].[Cu+2].[Cu+2].[OH-].[OH-],O=P([O-])([O-])[O-].[K+].[K+].[K+],ClCCCl
316,44.17504875,0.4417505,0.38030982,0.061440676,0.0037749568,COC(=O)c1ccc(I)cc1S(N)(=O)=O,COc1ccc(B(O)O)cc1,CN(C)CCN(C)C.CN(C)CCN(C)C.[Cl-].[Cl-].[Cu+2].[Cu+2].[OH-].[OH-],O=P([O-])([O-])[O-].[K+].[K+].[K+],ClCCCl
317,17.894361930000002,0.17894362,0.12517188,0.053771734,0.0028913994,CS(N)(=O)=O,COc1ccc(B(O)O)cc1,CN(C)CCN(C)C.CN(C)CCN(C)C.[Cl-].[Cl-].[Cu+2].[Cu+2].[OH-].[OH-],O=P([O-])([O-])[O-].[K+].[K+].[K+],ClCCCl
318,25.09849386,0.25098494,0.41588414,-0.1648992,0.027191747,Cc1cccnc1S(N)(=O)=O,COc1ccc(B(O)O)cc1,CN(C)CCN(C)C.CN(C)CCN(C)C.[Cl-].[Cl-].[Cu+2].[Cu+2].[OH-].[OH-],O=P([O-])([O-])[O-].[K+].[K+].[K+],ClCCCl
319,39.39161721333333,0.39391616,0.21133354,0.18258262,0.033336412,CN(C)c1ccc(S(N)(=O)=O)cc1[N+](=O)[O-],COc1ccc(B(O)O)cc1,CN(C)CCN(C)C.CN(C)CCN(C)C.[Cl-].[Cl-].[Cu+2].[Cu+2].[OH-].[OH-],O=P([O-])([O-])[O-].[K+].[K+].[K+],ClCCCl
320,21.982035296666663,0.21982035,0.34383494,-0.124014586,0.015379618,NS(=O)(=O)c1cc(Cl)ccc1[N+](=O)[O-],COc1ccc(B(O)O)cc1,CN(C)CCN(C)C.CN(C)CCN(C)C.[Cl-].[Cl-].[Cu+2].[Cu+2].[OH-].[OH-],O=P([O-])([O-])[O-].[K+].[K+].[K+],ClCCCl
321,14.900601816666663,0.14900602,0.38143253,-0.23242651,0.05402208,NS(=O)(=O)c1ccc(OC(F)(F)F)cc1Cl,COc1ccc(B(O)O)cc1,CN(C)CCN(C)C.CN(C)CCN(C)C.[Cl-].[Cl-].[Cu+2].[Cu+2].[OH-].[OH-],O=P([O-])([O-])[O-].[K+].[K+].[K+],ClCCCl
322,36.88074282633334,0.36880744,0.25314093,0.11566651,0.013378741,COc1cccc(CS(N)(=O)=O)c1,COc1ccc(B(O)O)cc1,CN(C)CCN(C)C.CN(C)CCN(C)C.[Cl-].[Cl-].[Cu+2].[Cu+2].[OH-].[OH-],O=P([O-])([O-])[O-].[K+].[K+].[K+],ClCCCl
323,4.047904353,0.040479045,0.33787024,-0.2973912,0.08844153,NS(=O)(=O)c1cccc2nonc12,COc1ccc(B(O)O)cc1,CN(C)CCN(C)C.CN(C)CCN(C)C.[Cl-].[Cl-].[Cu+2].[Cu+2].[OH-].[OH-],O=P([O-])([O-])[O-].[K+].[K+].[K+],ClCCCl
324,15.282982223333336,0.15282983,0.31174946,-0.15891963,0.02525545,NS(=O)(=O)c1c(F)c(F)c(F)c(F)c1F,COc1ccc(B(O)O)cc1,CN(C)CCN(C)C.CN(C)CCN(C)C.[Cl-].[Cl-].[Cu+2].[Cu+2].[OH-].[OH-],O=P([O-])([O-])[O-].[K+].[K+].[K+],ClCCCl
325,26.93531752333333,0.26935318,0.25486243,0.014490753,0.00020998194,NS(=O)(=O)c1ccccc1,COc1ccc(B(O)O)cc1,CN(C)CCN(C)C.CN(C)CCN(C)C.[Cl-].[Cl-].[Cu+2].[Cu+2].[OH-].[OH-],O=P([O-])([O-])[O-].[K+].[K+].[K+],ClCCCl
326,36.93532603666666,0.36935326,0.1986257,0.17072757,0.029147903,Cc1nn(C)cc1S(N)(=O)=O,COc1ccc(B(O)O)cc1,CN(C)CCN(C)C.CN(C)CCN(C)C.[Cl-].[Cl-].[Cu+2].[Cu+2].[OH-].[OH-],O=P([O-])([O-])[O-].[K+].[K+].[K+],ClCCCl
327,14.688380227333337,0.1468838,0.1753369,-0.028453097,0.0008095787,C[Si](C)(C)CCS(N)(=O)=O,COc1ccc(B(O)O)cc1,CN(C)CCN(C)C.CN(C)CCN(C)C.[Cl-].[Cl-].[Cu+2].[Cu+2].[OH-].[OH-],O=P([O-])([O-])[O-].[K+].[K+].[K+],ClCCCl
372,65.05768047,0.65057683,0.4034313,0.24714553,0.061080914,CC(=O)c1cccc(S(N)(=O)=O)c1,COc1ccc(B(O)O)cc1,CC(=O)[O-].CC(=O)[O-].[Cu+2],C[Si](C)(C)[O-].[K+],ClCCCl
373,29.02840867,0.2902841,0.28754473,0.0027393699,7.504147e-06,NS(=O)(=O)Cc1ccccc1,COc1ccc(B(O)O)cc1,CC(=O)[O-].CC(=O)[O-].[Cu+2],C[Si](C)(C)[O-].[K+],ClCCCl
374,57.75137244,0.5775137,0.40079856,0.17671514,0.031228239,NS(=O)(=O)c1c(F)cccc1Br,COc1ccc(B(O)O)cc1,CC(=O)[O-].CC(=O)[O-].[Cu+2],C[Si](C)(C)[O-].[K+],ClCCCl
375,61.20511346666667,0.6120511,0.86177176,-0.24972063,0.062360395,NS(=O)(=O)C(F)(F)F,COc1ccc(B(O)O)cc1,CC(=O)[O-].CC(=O)[O-].[Cu+2],C[Si](C)(C)[O-].[K+],ClCCCl
376,52.08978897666666,0.52089787,0.37443045,0.14646742,0.021452704,Cc1c(Cl)cccc1S(N)(=O)=O,COc1ccc(B(O)O)cc1,CC(=O)[O-].CC(=O)[O-].[Cu+2],C[Si](C)(C)[O-].[K+],ClCCCl
377,83.93432906333334,0.8393433,0.50604796,0.33329535,0.11108579,NS(=O)(=O)c1cnc(Cl)c(Cl)c1,COc1ccc(B(O)O)cc1,CC(=O)[O-].CC(=O)[O-].[Cu+2],C[Si](C)(C)[O-].[K+],ClCCCl
378,56.18238132,0.5618238,0.30003983,0.26178396,0.06853084,NS(=O)(=O)c1ccc(Cl)s1,COc1ccc(B(O)O)cc1,CC(=O)[O-].CC(=O)[O-].[Cu+2],C[Si](C)(C)[O-].[K+],ClCCCl
379,94.04722734,0.94047225,0.30466318,0.63580906,0.40425315,N#Cc1ccccc1CS(N)(=O)=O,COc1ccc(B(O)O)cc1,CC(=O)[O-].CC(=O)[O-].[Cu+2],C[Si](C)(C)[O-].[K+],ClCCCl
380,34.418546183333326,0.34418547,0.4108331,-0.06664762,0.0044419053,NS(=O)(=O)c1c(Cl)nc2sccn12,COc1ccc(B(O)O)cc1,CC(=O)[O-].CC(=O)[O-].[Cu+2],C[Si](C)(C)[O-].[K+],ClCCCl
381,40.81545740333333,0.40815458,0.46765715,-0.05950257,0.003540556,COC(=O)c1ccc(I)cc1S(N)(=O)=O,COc1ccc(B(O)O)cc1,CC(=O)[O-].CC(=O)[O-].[Cu+2],C[Si](C)(C)[O-].[K+],ClCCCl
382,40.167428183333335,0.40167427,0.21006657,0.1916077,0.03671351,CS(N)(=O)=O,COc1ccc(B(O)O)cc1,CC(=O)[O-].CC(=O)[O-].[Cu+2],C[Si](C)(C)[O-].[K+],ClCCCl
383,44.63792330333334,0.44637924,0.37313992,0.07323933,0.005363999,Cc1cccnc1S(N)(=O)=O,COc1ccc(B(O)O)cc1,CC(=O)[O-].CC(=O)[O-].[Cu+2],C[Si](C)(C)[O-].[K+],ClCCCl
384,54.985118453333335,0.5498512,0.17225745,0.37759373,0.14257702,CN(C)c1ccc(S(N)(=O)=O)cc1[N+](=O)[O-],COc1ccc(B(O)O)cc1,CC(=O)[O-].CC(=O)[O-].[Cu+2],C[Si](C)(C)[O-].[K+],ClCCCl
385,36.63011115,0.36630112,0.5643141,-0.19801301,0.03920915,NS(=O)(=O)c1cc(Cl)ccc1[N+](=O)[O-],COc1ccc(B(O)O)cc1,CC(=O)[O-].CC(=O)[O-].[Cu+2],C[Si](C)(C)[O-].[K+],ClCCCl
386,13.405380336666669,0.1340538,0.44760907,-0.31355527,0.09831691,NS(=O)(=O)c1ccc(OC(F)(F)F)cc1Cl,COc1ccc(B(O)O)cc1,CC(=O)[O-].CC(=O)[O-].[Cu+2],C[Si](C)(C)[O-].[K+],ClCCCl
387,49.77633308,0.49776334,0.263453,0.23431033,0.05490133,COc1cccc(CS(N)(=O)=O)c1,COc1ccc(B(O)O)cc1,CC(=O)[O-].CC(=O)[O-].[Cu+2],C[Si](C)(C)[O-].[K+],ClCCCl
388,5.418661179333334,0.054186612,0.45585644,-0.40166983,0.16133866,NS(=O)(=O)c1cccc2nonc12,COc1ccc(B(O)O)cc1,CC(=O)[O-].CC(=O)[O-].[Cu+2],C[Si](C)(C)[O-].[K+],ClCCCl
389,6.383214662333333,0.06383215,0.52113676,-0.4573046,0.2091275,NS(=O)(=O)c1c(F)c(F)c(F)c(F)c1F,COc1ccc(B(O)O)cc1,CC(=O)[O-].CC(=O)[O-].[Cu+2],C[Si](C)(C)[O-].[K+],ClCCCl
390,42.94796590999999,0.42947966,0.27230498,0.15717468,0.024703879,NS(=O)(=O)c1ccccc1,COc1ccc(B(O)O)cc1,CC(=O)[O-].CC(=O)[O-].[Cu+2],C[Si](C)(C)[O-].[K+],ClCCCl
391,29.054114786666663,0.29054114,0.17313655,0.117404595,0.013783839,Cc1nn(C)cc1S(N)(=O)=O,COc1ccc(B(O)O)cc1,CC(=O)[O-].CC(=O)[O-].[Cu+2],C[Si](C)(C)[O-].[K+],ClCCCl
392,14.414036786666664,0.14414036,0.26486784,-0.12072748,0.014575125,C[Si](C)(C)CCS(N)(=O)=O,COc1ccc(B(O)O)cc1,CC(=O)[O-].CC(=O)[O-].[Cu+2],C[Si](C)(C)[O-].[K+],ClCCCl
393,1.7045073373333337,0.017045073,0.21771865,-0.20067358,0.040269885,CC(C)c1cc(C(C)C)c(S(N)(=O)=O)c(C(C)C)c1,COc1ccc(B(O)O)cc1,CC(=O)[O-].CC(=O)[O-].[Cu+2],C[Si](C)(C)[O-].[K+],ClCCCl
416,68.98556486,0.68985564,0.41334492,0.27651072,0.07645818,CC(=O)c1cccc(S(N)(=O)=O)c1,COc1ccc(B(O)O)cc1,CC(=O)[O-].CC(=O)[O-].[Cu+2],[K+].[OH-],ClCCCl
417,27.597126403333338,0.27597126,0.33825523,-0.062283963,0.003879292,NS(=O)(=O)Cc1ccccc1,COc1ccc(B(O)O)cc1,CC(=O)[O-].CC(=O)[O-].[Cu+2],[K+].[OH-],ClCCCl
418,65.85298607666667,0.6585299,0.45242596,0.20610392,0.042478826,NS(=O)(=O)c1c(F)cccc1Br,COc1ccc(B(O)O)cc1,CC(=O)[O-].CC(=O)[O-].[Cu+2],[K+].[OH-],ClCCCl
419,54.98508943666667,0.5498509,0.8111539,-0.261303,0.06827926,NS(=O)(=O)C(F)(F)F,COc1ccc(B(O)O)cc1,CC(=O)[O-].CC(=O)[O-].[Cu+2],[K+].[OH-],ClCCCl
420,43.03413193666666,0.43034133,0.44484383,-0.0145024955,0.00021032238,Cc1c(Cl)cccc1S(N)(=O)=O,COc1ccc(B(O)O)cc1,CC(=O)[O-].CC(=O)[O-].[Cu+2],[K+].[OH-],ClCCCl
421,82.16882383666668,0.82168823,0.57021344,0.2514748,0.063239574,NS(=O)(=O)c1cnc(Cl)c(Cl)c1,COc1ccc(B(O)O)cc1,CC(=O)[O-].CC(=O)[O-].[Cu+2],[K+].[OH-],ClCCCl
422,46.88596851666667,0.46885967,0.3574893,0.111370385,0.012403362,NS(=O)(=O)c1ccc(Cl)s1,COc1ccc(B(O)O)cc1,CC(=O)[O-].CC(=O)[O-].[Cu+2],[K+].[OH-],ClCCCl
423,97.98629407333333,0.9798629,0.40883872,0.5710242,0.3260686,N#Cc1ccccc1CS(N)(=O)=O,COc1ccc(B(O)O)cc1,CC(=O)[O-].CC(=O)[O-].[Cu+2],[K+].[OH-],ClCCCl
424,33.27489335333333,0.33274892,0.52099293,-0.18824401,0.03543581,NS(=O)(=O)c1c(Cl)nc2sccn12,COc1ccc(B(O)O)cc1,CC(=O)[O-].CC(=O)[O-].[Cu+2],[K+].[OH-],ClCCCl
425,38.17937088333334,0.3817937,0.5753915,-0.19359776,0.037480094,COC(=O)c1ccc(I)cc1S(N)(=O)=O,COc1ccc(B(O)O)cc1,CC(=O)[O-].CC(=O)[O-].[Cu+2],[K+].[OH-],ClCCCl
426,39.618399763333336,0.396184,0.18470344,0.21148056,0.044724025,CS(N)(=O)=O,COc1ccc(B(O)O)cc1,CC(=O)[O-].CC(=O)[O-].[Cu+2],[K+].[OH-],ClCCCl
427,45.95981690666667,0.45959818,0.41959113,0.040007055,0.0016005645,Cc1cccnc1S(N)(=O)=O,COc1ccc(B(O)O)cc1,CC(=O)[O-].CC(=O)[O-].[Cu+2],[K+].[OH-],ClCCCl
428,57.28806145333333,0.5728806,0.18308285,0.38979778,0.15194231,CN(C)c1ccc(S(N)(=O)=O)cc1[N+](=O)[O-],COc1ccc(B(O)O)cc1,CC(=O)[O-].CC(=O)[O-].[Cu+2],[K+].[OH-],ClCCCl
429,34.344640340000005,0.3434464,0.58432645,-0.24088004,0.058023196,NS(=O)(=O)c1cc(Cl)ccc1[N+](=O)[O-],COc1ccc(B(O)O)cc1,CC(=O)[O-].CC(=O)[O-].[Cu+2],[K+].[OH-],ClCCCl
430,11.361153364333331,0.113611534,0.48667842,-0.3730669,0.13917892,NS(=O)(=O)c1ccc(OC(F)(F)F)cc1Cl,COc1ccc(B(O)O)cc1,CC(=O)[O-].CC(=O)[O-].[Cu+2],[K+].[OH-],ClCCCl
431,54.66542375999999,0.5466542,0.33199155,0.21466267,0.046080064,COc1cccc(CS(N)(=O)=O)c1,COc1ccc(B(O)O)cc1,CC(=O)[O-].CC(=O)[O-].[Cu+2],[K+].[OH-],ClCCCl
432,4.4412733163333336,0.044412732,0.49183244,-0.4474197,0.20018439,NS(=O)(=O)c1cccc2nonc12,COc1ccc(B(O)O)cc1,CC(=O)[O-].CC(=O)[O-].[Cu+2],[K+].[OH-],ClCCCl
433,3.231291143,0.03231291,0.48873675,-0.45642385,0.20832273,NS(=O)(=O)c1c(F)c(F)c(F)c(F)c1F,COc1ccc(B(O)O)cc1,CC(=O)[O-].CC(=O)[O-].[Cu+2],[K+].[OH-],ClCCCl
434,38.61944483333333,0.38619444,0.32406193,0.062132508,0.0038604485,NS(=O)(=O)c1ccccc1,COc1ccc(B(O)O)cc1,CC(=O)[O-].CC(=O)[O-].[Cu+2],[K+].[OH-],ClCCCl
435,28.26654229333333,0.28266543,0.18476827,0.09789716,0.009583853,Cc1nn(C)cc1S(N)(=O)=O,COc1ccc(B(O)O)cc1,CC(=O)[O-].CC(=O)[O-].[Cu+2],[K+].[OH-],ClCCCl
436,11.366074706666666,0.113660745,0.26716867,-0.15350792,0.023564681,C[Si](C)(C)CCS(N)(=O)=O,COc1ccc(B(O)O)cc1,CC(=O)[O-].CC(=O)[O-].[Cu+2],[K+].[OH-],ClCCCl
437,2.430877966,0.02430878,0.30343342,-0.27912465,0.07791057,CC(C)c1cc(C(C)C)c(S(N)(=O)=O)c(C(C)C)c1,COc1ccc(B(O)O)cc1,CC(=O)[O-].CC(=O)[O-].[Cu+2],[K+].[OH-],ClCCCl
482,75.77190744,0.7577191,0.36681697,0.39090213,0.15280448,CC(=O)c1cccc(S(N)(=O)=O)c1,COc1ccc(B(O)O)cc1,CC(=O)[O-].CC(=O)[O-].[Cu+2],O=C([O-])[O-].[Cs+].[Cs+],ClCCCl
483,62.44055492,0.62440556,0.41192025,0.21248531,0.045150008,NS(=O)(=O)Cc1ccccc1,COc1ccc(B(O)O)cc1,CC(=O)[O-].CC(=O)[O-].[Cu+2],O=C([O-])[O-].[Cs+].[Cs+],ClCCCl
484,57.16390252,0.571639,0.3189808,0.2526582,0.06383616,NS(=O)(=O)c1c(F)cccc1Br,COc1ccc(B(O)O)cc1,CC(=O)[O-].CC(=O)[O-].[Cu+2],O=C([O-])[O-].[Cs+].[Cs+],ClCCCl
485,41.469253396666666,0.41469252,1.0044743,-0.58978176,0.3478425,NS(=O)(=O)C(F)(F)F,COc1ccc(B(O)O)cc1,CC(=O)[O-].CC(=O)[O-].[Cu+2],O=C([O-])[O-].[Cs+].[Cs+],ClCCCl
486,14.5763653,0.14576365,0.36423427,-0.21847062,0.04772941,Cc1c(Cl)cccc1S(N)(=O)=O,COc1ccc(B(O)O)cc1,CC(=O)[O-].CC(=O)[O-].[Cu+2],O=C([O-])[O-].[Cs+].[Cs+],ClCCCl
487,67.76133276,0.6776133,0.3935216,0.2840917,0.0807081,NS(=O)(=O)c1cnc(Cl)c(Cl)c1,COc1ccc(B(O)O)cc1,CC(=O)[O-].CC(=O)[O-].[Cu+2],O=C([O-])[O-].[Cs+].[Cs+],ClCCCl
488,71.13560401666666,0.71135604,0.35756844,0.3537876,0.12516567,NS(=O)(=O)c1ccc(Cl)s1,COc1ccc(B(O)O)cc1,CC(=O)[O-].CC(=O)[O-].[Cu+2],O=C([O-])[O-].[Cs+].[Cs+],ClCCCl
489,94.45721067,0.9445721,0.41537392,0.52919817,0.2800507,N#Cc1ccccc1CS(N)(=O)=O,COc1ccc(B(O)O)cc1,CC(=O)[O-].CC(=O)[O-].[Cu+2],O=C([O-])[O-].[Cs+].[Cs+],ClCCCl
490,44.413845470000005,0.44413847,0.40232044,0.041818023,0.0017487471,NS(=O)(=O)c1c(Cl)nc2sccn12,COc1ccc(B(O)O)cc1,CC(=O)[O-].CC(=O)[O-].[Cu+2],O=C([O-])[O-].[Cs+].[Cs+],ClCCCl
491,47.86266696333333,0.47862667,0.4547323,0.02389437,0.0005709409,COC(=O)c1ccc(I)cc1S(N)(=O)=O,COc1ccc(B(O)O)cc1,CC(=O)[O-].CC(=O)[O-].[Cu+2],O=C([O-])[O-].[Cs+].[Cs+],ClCCCl
492,63.49924228333333,0.6349924,0.29807118,0.33692124,0.11351593,CS(N)(=O)=O,COc1ccc(B(O)O)cc1,CC(=O)[O-].CC(=O)[O-].[Cu+2],O=C([O-])[O-].[Cs+].[Cs+],ClCCCl
493,37.11928937666666,0.3711929,0.56946844,-0.19827554,0.03931319,Cc1cccnc1S(N)(=O)=O,COc1ccc(B(O)O)cc1,CC(=O)[O-].CC(=O)[O-].[Cu+2],O=C([O-])[O-].[Cs+].[Cs+],ClCCCl
494,58.99903230333334,0.5899903,0.3136487,0.27634162,0.07636469,CN(C)c1ccc(S(N)(=O)=O)cc1[N+](=O)[O-],COc1ccc(B(O)O)cc1,CC(=O)[O-].CC(=O)[O-].[Cu+2],O=C([O-])[O-].[Cs+].[Cs+],ClCCCl
495,48.78518796666666,0.4878519,0.39534122,0.09251067,0.008558224,NS(=O)(=O)c1cc(Cl)ccc1[N+](=O)[O-],COc1ccc(B(O)O)cc1,CC(=O)[O-].CC(=O)[O-].[Cu+2],O=C([O-])[O-].[Cs+].[Cs+],ClCCCl
496,24.084976726666667,0.24084976,0.33169925,-0.09084949,0.008253629,NS(=O)(=O)c1ccc(OC(F)(F)F)cc1Cl,COc1ccc(B(O)O)cc1,CC(=O)[O-].CC(=O)[O-].[Cu+2],O=C([O-])[O-].[Cs+].[Cs+],ClCCCl
497,60.20048036333333,0.6020048,0.41750312,0.18450171,0.03404088,COc1cccc(CS(N)(=O)=O)c1,COc1ccc(B(O)O)cc1,CC(=O)[O-].CC(=O)[O-].[Cu+2],O=C([O-])[O-].[Cs+].[Cs+],ClCCCl
498,23.62217527333333,0.23622175,0.337655,-0.10143326,0.010288707,NS(=O)(=O)c1cccc2nonc12,COc1ccc(B(O)O)cc1,CC(=O)[O-].CC(=O)[O-].[Cu+2],O=C([O-])[O-].[Cs+].[Cs+],ClCCCl
499,34.77240765,0.34772408,0.2909357,0.056788385,0.0032249207,NS(=O)(=O)c1c(F)c(F)c(F)c(F)c1F,COc1ccc(B(O)O)cc1,CC(=O)[O-].CC(=O)[O-].[Cu+2],O=C([O-])[O-].[Cs+].[Cs+],ClCCCl
500,56.11535285,0.56115353,0.4393711,0.12178242,0.014830958,NS(=O)(=O)c1ccccc1,COc1ccc(B(O)O)cc1,CC(=O)[O-].CC(=O)[O-].[Cu+2],O=C([O-])[O-].[Cs+].[Cs+],ClCCCl
501,51.42649535666667,0.51426494,0.31217766,0.20208728,0.04083927,Cc1nn(C)cc1S(N)(=O)=O,COc1ccc(B(O)O)cc1,CC(=O)[O-].CC(=O)[O-].[Cu+2],O=C([O-])[O-].[Cs+].[Cs+],ClCCCl
502,24.862781143333336,0.24862781,0.40531844,-0.15669063,0.024551952,C[Si](C)(C)CCS(N)(=O)=O,COc1ccc(B(O)O)cc1,CC(=O)[O-].CC(=O)[O-].[Cu+2],O=C([O-])[O-].[Cs+].[Cs+],ClCCCl
503,6.337964933666666,0.06337965,0.42895323,-0.36557359,0.13364404,CC(C)c1cc(C(C)C)c(S(N)(=O)=O)c(C(C)C)c1,COc1ccc(B(O)O)cc1,CC(=O)[O-].CC(=O)[O-].[Cu+2],O=C([O-])[O-].[Cs+].[Cs+],ClCCCl
592,17.306764376666667,0.17306764,0.25198585,-0.0789182,0.006228083,CC(=O)c1cccc(S(N)(=O)=O)c1,COc1ccc(B(O)O)cc1,CC#N.CC#N.CC#N.CC#N.F[P-](F)(F)(F)(F)F.[Cu+],CCN(CC)CC,ClCCCl
593,2.0941042923333337,0.020941043,0.19772622,-0.17678517,0.031252995,NS(=O)(=O)Cc1ccccc1,COc1ccc(B(O)O)cc1,CC#N.CC#N.CC#N.CC#N.F[P-](F)(F)(F)(F)F.[Cu+],CCN(CC)CC,ClCCCl
594,5.856178202999999,0.058561783,0.2408616,-0.18229981,0.03323322,NS(=O)(=O)c1c(F)cccc1Br,COc1ccc(B(O)O)cc1,CC#N.CC#N.CC#N.CC#N.F[P-](F)(F)(F)(F)F.[Cu+],CCN(CC)CC,ClCCCl
595,60.923867730000005,0.6092387,0.6891386,-0.07989991,0.006383995,NS(=O)(=O)C(F)(F)F,COc1ccc(B(O)O)cc1,CC#N.CC#N.CC#N.CC#N.F[P-](F)(F)(F)(F)F.[Cu+],CCN(CC)CC,ClCCCl
596,5.938710253666667,0.059387103,0.28287727,-0.22349016,0.049947854,Cc1c(Cl)cccc1S(N)(=O)=O,COc1ccc(B(O)O)cc1,CC#N.CC#N.CC#N.CC#N.F[P-](F)(F)(F)(F)F.[Cu+],CCN(CC)CC,ClCCCl
597,71.50809113999999,0.7150809,0.2680109,0.44707,0.19987158,NS(=O)(=O)c1cnc(Cl)c(Cl)c1,COc1ccc(B(O)O)cc1,CC#N.CC#N.CC#N.CC#N.F[P-](F)(F)(F)(F)F.[Cu+],CCN(CC)CC,ClCCCl
598,43.83075563333333,0.43830755,0.18505955,0.253248,0.06413455,NS(=O)(=O)c1ccc(Cl)s1,COc1ccc(B(O)O)cc1,CC#N.CC#N.CC#N.CC#N.F[P-](F)(F)(F)(F)F.[Cu+],CCN(CC)CC,ClCCCl
599,49.63031318,0.49630314,0.22928818,0.26701498,0.071297,N#Cc1ccccc1CS(N)(=O)=O,COc1ccc(B(O)O)cc1,CC#N.CC#N.CC#N.CC#N.F[P-](F)(F)(F)(F)F.[Cu+],CCN(CC)CC,ClCCCl
600,37.557525166666665,0.37557524,0.21288139,0.16269386,0.026469292,NS(=O)(=O)c1c(Cl)nc2sccn12,COc1ccc(B(O)O)cc1,CC#N.CC#N.CC#N.CC#N.F[P-](F)(F)(F)(F)F.[Cu+],CCN(CC)CC,ClCCCl
601,3.905831412000001,0.039058313,0.2484555,-0.20939718,0.04384718,COC(=O)c1ccc(I)cc1S(N)(=O)=O,COc1ccc(B(O)O)cc1,CC#N.CC#N.CC#N.CC#N.F[P-](F)(F)(F)(F)F.[Cu+],CCN(CC)CC,ClCCCl
602,4.302432806666666,0.043024328,0.13476501,-0.09174068,0.008416353,CS(N)(=O)=O,COc1ccc(B(O)O)cc1,CC#N.CC#N.CC#N.CC#N.F[P-](F)(F)(F)(F)F.[Cu+],CCN(CC)CC,ClCCCl
603,3.612367435,0.036123674,0.39769453,-0.36157086,0.13073349,Cc1cccnc1S(N)(=O)=O,COc1ccc(B(O)O)cc1,CC#N.CC#N.CC#N.CC#N.F[P-](F)(F)(F)(F)F.[Cu+],CCN(CC)CC,ClCCCl
604,8.540997483,0.08540998,0.14055488,-0.0551449,0.0030409598,CN(C)c1ccc(S(N)(=O)=O)cc1[N+](=O)[O-],COc1ccc(B(O)O)cc1,CC#N.CC#N.CC#N.CC#N.F[P-](F)(F)(F)(F)F.[Cu+],CCN(CC)CC,ClCCCl
605,54.12747221666666,0.5412747,0.31412897,0.22714576,0.051595196,NS(=O)(=O)c1cc(Cl)ccc1[N+](=O)[O-],COc1ccc(B(O)O)cc1,CC#N.CC#N.CC#N.CC#N.F[P-](F)(F)(F)(F)F.[Cu+],CCN(CC)CC,ClCCCl
606,26.657495166666667,0.26657495,0.2622199,0.004355043,1.89664e-05,NS(=O)(=O)c1ccc(OC(F)(F)F)cc1Cl,COc1ccc(B(O)O)cc1,CC#N.CC#N.CC#N.CC#N.F[P-](F)(F)(F)(F)F.[Cu+],CCN(CC)CC,ClCCCl
607,4.946380435666668,0.049463805,0.17096,-0.121496186,0.014761323,COc1cccc(CS(N)(=O)=O)c1,COc1ccc(B(O)O)cc1,CC#N.CC#N.CC#N.CC#N.F[P-](F)(F)(F)(F)F.[Cu+],CCN(CC)CC,ClCCCl
608,57.97048507333333,0.5797048,0.30205488,0.27764994,0.07708949,NS(=O)(=O)c1cccc2nonc12,COc1ccc(B(O)O)cc1,CC#N.CC#N.CC#N.CC#N.F[P-](F)(F)(F)(F)F.[Cu+],CCN(CC)CC,ClCCCl
609,59.87589451,0.59875894,0.27013576,0.32862318,0.10799319,NS(=O)(=O)c1c(F)c(F)c(F)c(F)c1F,COc1ccc(B(O)O)cc1,CC#N.CC#N.CC#N.CC#N.F[P-](F)(F)(F)(F)F.[Cu+],CCN(CC)CC,ClCCCl
610,3.510127377333333,0.035101272,0.19582134,-0.16072008,0.025830945,NS(=O)(=O)c1ccccc1,COc1ccc(B(O)O)cc1,CC#N.CC#N.CC#N.CC#N.F[P-](F)(F)(F)(F)F.[Cu+],CCN(CC)CC,ClCCCl
611,2.193256391333333,0.021932565,0.06254873,-0.040616162,0.0016496726,Cc1nn(C)cc1S(N)(=O)=O,COc1ccc(B(O)O)cc1,CC#N.CC#N.CC#N.CC#N.F[P-](F)(F)(F)(F)F.[Cu+],CCN(CC)CC,ClCCCl
612,3.230674220333333,0.032306742,0.1723264,-0.14001966,0.019605504,C[Si](C)(C)CCS(N)(=O)=O,COc1ccc(B(O)O)cc1,CC#N.CC#N.CC#N.CC#N.F[P-](F)(F)(F)(F)F.[Cu+],CCN(CC)CC,ClCCCl
613,0.6681060023333334,0.00668106,0.16251852,-0.15583746,0.024285315,CC(C)c1cc(C(C)C)c(S(N)(=O)=O)c(C(C)C)c1,COc1ccc(B(O)O)cc1,CC#N.CC#N.CC#N.CC#N.F[P-](F)(F)(F)(F)F.[Cu+],CCN(CC)CC,ClCCCl
922,56.28271556333333,0.56282717,0.40149692,0.16133025,0.02602745,CC(=O)c1cccc(S(N)(=O)=O)c1,COc1ccc(B(O)O)cc1,CC(=O)[O-].CC(=O)[O-].[Cu+2],Cc1ccncc1,ClCCCl
923,27.52718744333333,0.27527186,0.29432368,-0.01905182,0.00036297186,NS(=O)(=O)Cc1ccccc1,COc1ccc(B(O)O)cc1,CC(=O)[O-].CC(=O)[O-].[Cu+2],Cc1ccncc1,ClCCCl
924,47.70471629,0.47704718,0.4542488,0.02279839,0.00051976653,NS(=O)(=O)c1c(F)cccc1Br,COc1ccc(B(O)O)cc1,CC(=O)[O-].CC(=O)[O-].[Cu+2],Cc1ccncc1,ClCCCl
925,32.22046652,0.32220468,0.7792106,-0.45700595,0.20885444,NS(=O)(=O)C(F)(F)F,COc1ccc(B(O)O)cc1,CC(=O)[O-].CC(=O)[O-].[Cu+2],Cc1ccncc1,ClCCCl
926,53.66840912666667,0.5366841,0.4565614,0.08012271,0.0064196484,Cc1c(Cl)cccc1S(N)(=O)=O,COc1ccc(B(O)O)cc1,CC(=O)[O-].CC(=O)[O-].[Cu+2],Cc1ccncc1,ClCCCl
927,80.65756509,0.80657566,0.5329446,0.27363104,0.07487395,NS(=O)(=O)c1cnc(Cl)c(Cl)c1,COc1ccc(B(O)O)cc1,CC(=O)[O-].CC(=O)[O-].[Cu+2],Cc1ccncc1,ClCCCl
928,65.90829229333333,0.65908295,0.36866197,0.29042098,0.08434434,NS(=O)(=O)c1ccc(Cl)s1,COc1ccc(B(O)O)cc1,CC(=O)[O-].CC(=O)[O-].[Cu+2],Cc1ccncc1,ClCCCl
929,55.79967235,0.55799675,0.41976428,0.13823247,0.019108215,N#Cc1ccccc1CS(N)(=O)=O,COc1ccc(B(O)O)cc1,CC(=O)[O-].CC(=O)[O-].[Cu+2],Cc1ccncc1,ClCCCl
930,41.576095,0.41576096,0.48959506,-0.07383409,0.005451473,NS(=O)(=O)c1c(Cl)nc2sccn12,COc1ccc(B(O)O)cc1,CC(=O)[O-].CC(=O)[O-].[Cu+2],Cc1ccncc1,ClCCCl
931,64.73018019,0.6473018,0.55281705,0.09448475,0.008927368,COC(=O)c1ccc(I)cc1S(N)(=O)=O,COc1ccc(B(O)O)cc1,CC(=O)[O-].CC(=O)[O-].[Cu+2],Cc1ccncc1,ClCCCl
932,24.11661227,0.24116613,0.12985802,0.11130811,0.012389496,CS(N)(=O)=O,COc1ccc(B(O)O)cc1,CC(=O)[O-].CC(=O)[O-].[Cu+2],Cc1ccncc1,ClCCCl
933,53.50016482733333,0.53500164,0.5127555,0.022246122,0.00049489,Cc1cccnc1S(N)(=O)=O,COc1ccc(B(O)O)cc1,CC(=O)[O-].CC(=O)[O-].[Cu+2],Cc1ccncc1,ClCCCl
934,45.48241346666666,0.45482412,0.24489616,0.20992796,0.04406975,CN(C)c1ccc(S(N)(=O)=O)cc1[N+](=O)[O-],COc1ccc(B(O)O)cc1,CC(=O)[O-].CC(=O)[O-].[Cu+2],Cc1ccncc1,ClCCCl
935,76.43861976666666,0.7643862,0.5489322,0.21545398,0.046420418,NS(=O)(=O)c1cc(Cl)ccc1[N+](=O)[O-],COc1ccc(B(O)O)cc1,CC(=O)[O-].CC(=O)[O-].[Cu+2],Cc1ccncc1,ClCCCl
936,80.702254,0.8070225,0.4785021,0.32852042,0.10792566,NS(=O)(=O)c1ccc(OC(F)(F)F)cc1Cl,COc1ccc(B(O)O)cc1,CC(=O)[O-].CC(=O)[O-].[Cu+2],Cc1ccncc1,ClCCCl
937,27.3618395,0.2736184,0.29247093,-0.018852532,0.00035541796,COc1cccc(CS(N)(=O)=O)c1,COc1ccc(B(O)O)cc1,CC(=O)[O-].CC(=O)[O-].[Cu+2],Cc1ccncc1,ClCCCl
938,75.18811934333333,0.7518812,0.54478294,0.20709825,0.042889684,NS(=O)(=O)c1cccc2nonc12,COc1ccc(B(O)O)cc1,CC(=O)[O-].CC(=O)[O-].[Cu+2],Cc1ccncc1,ClCCCl
939,69.64304840333334,0.6964305,0.4961604,0.20027012,0.04010812,NS(=O)(=O)c1c(F)c(F)c(F)c(F)c1F,COc1ccc(B(O)O)cc1,CC(=O)[O-].CC(=O)[O-].[Cu+2],Cc1ccncc1,ClCCCl
940,34.95668735,0.34956688,0.30467486,0.044892013,0.0020152929,NS(=O)(=O)c1ccccc1,COc1ccc(B(O)O)cc1,CC(=O)[O-].CC(=O)[O-].[Cu+2],Cc1ccncc1,ClCCCl
941,25.477653736666667,0.25477654,0.12391892,0.13085762,0.017123716,Cc1nn(C)cc1S(N)(=O)=O,COc1ccc(B(O)O)cc1,CC(=O)[O-].CC(=O)[O-].[Cu+2],Cc1ccncc1,ClCCCl
942,12.373070893333336,0.12373071,0.18529604,-0.061565332,0.00379029,C[Si](C)(C)CCS(N)(=O)=O,COc1ccc(B(O)O)cc1,CC(=O)[O-].CC(=O)[O-].[Cu+2],Cc1ccncc1,ClCCCl
1553,49.5951556,0.49595156,0.36276495,0.13318661,0.017738672,CC(=O)c1cccc(S(N)(=O)=O)c1,COc1ccc(B(O)O)cc1,CC#N.CC#N.CC#N.CC#N.F[P-](F)(F)(F)(F)F.[Cu+],O=C([O-])[O-].[K+].[K+],CC#N
1554,33.31480912,0.3331481,0.24646977,0.086678326,0.0075131324,NS(=O)(=O)Cc1ccccc1,COc1ccc(B(O)O)cc1,CC#N.CC#N.CC#N.CC#N.F[P-](F)(F)(F)(F)F.[Cu+],O=C([O-])[O-].[K+].[K+],CC#N
1555,2.8303591236666663,0.028303592,0.2862679,-0.2579643,0.06654558,NS(=O)(=O)c1c(F)cccc1Br,COc1ccc(B(O)O)cc1,CC#N.CC#N.CC#N.CC#N.F[P-](F)(F)(F)(F)F.[Cu+],O=C([O-])[O-].[K+].[K+],CC#N
1556,49.35281216333334,0.49352813,0.52382416,-0.030296028,0.0009178493,NS(=O)(=O)C(F)(F)F,COc1ccc(B(O)O)cc1,CC#N.CC#N.CC#N.CC#N.F[P-](F)(F)(F)(F)F.[Cu+],O=C([O-])[O-].[K+].[K+],CC#N
1557,6.856187587666668,0.068561874,0.30128896,-0.23272708,0.054161895,Cc1c(Cl)cccc1S(N)(=O)=O,COc1ccc(B(O)O)cc1,CC#N.CC#N.CC#N.CC#N.F[P-](F)(F)(F)(F)F.[Cu+],O=C([O-])[O-].[K+].[K+],CC#N
1558,10.044207438666666,0.100442074,0.43791795,-0.33747587,0.11388996,NS(=O)(=O)c1cnc(Cl)c(Cl)c1,COc1ccc(B(O)O)cc1,CC#N.CC#N.CC#N.CC#N.F[P-](F)(F)(F)(F)F.[Cu+],O=C([O-])[O-].[K+].[K+],CC#N
1559,10.139335214666666,0.10139335,0.34515017,-0.24375683,0.059417393,NS(=O)(=O)c1ccc(Cl)s1,COc1ccc(B(O)O)cc1,CC#N.CC#N.CC#N.CC#N.F[P-](F)(F)(F)(F)F.[Cu+],O=C([O-])[O-].[K+].[K+],CC#N
1560,59.57022830666667,0.5957023,0.40541354,0.19028875,0.03620981,N#Cc1ccccc1CS(N)(=O)=O,COc1ccc(B(O)O)cc1,CC#N.CC#N.CC#N.CC#N.F[P-](F)(F)(F)(F)F.[Cu+],O=C([O-])[O-].[K+].[K+],CC#N
1561,37.317171730000005,0.37317172,0.36405188,0.0091198385,8.317146e-05,NS(=O)(=O)c1c(Cl)nc2sccn12,COc1ccc(B(O)O)cc1,CC#N.CC#N.CC#N.CC#N.F[P-](F)(F)(F)(F)F.[Cu+],O=C([O-])[O-].[K+].[K+],CC#N
1562,38.13321707,0.38133216,0.41866553,-0.03733337,0.0013937805,COC(=O)c1ccc(I)cc1S(N)(=O)=O,COc1ccc(B(O)O)cc1,CC#N.CC#N.CC#N.CC#N.F[P-](F)(F)(F)(F)F.[Cu+],O=C([O-])[O-].[K+].[K+],CC#N
1563,13.647186046666668,0.13647187,0.15813415,-0.02166228,0.00046925436,CS(N)(=O)=O,COc1ccc(B(O)O)cc1,CC#N.CC#N.CC#N.CC#N.F[P-](F)(F)(F)(F)F.[Cu+],O=C([O-])[O-].[K+].[K+],CC#N
1564,1.17837595,0.011783759,0.21455824,-0.20277448,0.04111749,Cc1cccnc1S(N)(=O)=O,COc1ccc(B(O)O)cc1,CC#N.CC#N.CC#N.CC#N.F[P-](F)(F)(F)(F)F.[Cu+],O=C([O-])[O-].[K+].[K+],CC#N
1565,31.59733425666667,0.31597334,0.33327287,-0.017299533,0.00029927384,CN(C)c1ccc(S(N)(=O)=O)cc1[N+](=O)[O-],COc1ccc(B(O)O)cc1,CC#N.CC#N.CC#N.CC#N.F[P-](F)(F)(F)(F)F.[Cu+],O=C([O-])[O-].[K+].[K+],CC#N
1566,63.98600595,0.63986003,0.45541084,0.1844492,0.034021504,NS(=O)(=O)c1cc(Cl)ccc1[N+](=O)[O-],COc1ccc(B(O)O)cc1,CC#N.CC#N.CC#N.CC#N.F[P-](F)(F)(F)(F)F.[Cu+],O=C([O-])[O-].[K+].[K+],CC#N
1567,33.34815395333333,0.33348155,0.2861844,0.04729715,0.0022370203,NS(=O)(=O)c1ccc(OC(F)(F)F)cc1Cl,COc1ccc(B(O)O)cc1,CC#N.CC#N.CC#N.CC#N.F[P-](F)(F)(F)(F)F.[Cu+],O=C([O-])[O-].[K+].[K+],CC#N
1568,39.947945143333335,0.39947945,0.27422562,0.12525383,0.015688522,COc1cccc(CS(N)(=O)=O)c1,COc1ccc(B(O)O)cc1,CC#N.CC#N.CC#N.CC#N.F[P-](F)(F)(F)(F)F.[Cu+],O=C([O-])[O-].[K+].[K+],CC#N
1569,3.809287936333333,0.038092878,0.43107522,-0.39298233,0.15443511,NS(=O)(=O)c1cccc2nonc12,COc1ccc(B(O)O)cc1,CC#N.CC#N.CC#N.CC#N.F[P-](F)(F)(F)(F)F.[Cu+],O=C([O-])[O-].[K+].[K+],CC#N
1570,55.68768348,0.55687684,0.22986645,0.3270104,0.1069358,NS(=O)(=O)c1c(F)c(F)c(F)c(F)c1F,COc1ccc(B(O)O)cc1,CC#N.CC#N.CC#N.CC#N.F[P-](F)(F)(F)(F)F.[Cu+],O=C([O-])[O-].[K+].[K+],CC#N
1571,3.674393025,0.03674393,0.25782555,-0.22108161,0.04887708,NS(=O)(=O)c1ccccc1,COc1ccc(B(O)O)cc1,CC#N.CC#N.CC#N.CC#N.F[P-](F)(F)(F)(F)F.[Cu+],O=C([O-])[O-].[K+].[K+],CC#N
1572,37.05627862333333,0.3705628,0.26742533,0.10313746,0.010637336,Cc1nn(C)cc1S(N)(=O)=O,COc1ccc(B(O)O)cc1,CC#N.CC#N.CC#N.CC#N.F[P-](F)(F)(F)(F)F.[Cu+],O=C([O-])[O-].[K+].[K+],CC#N
1573,25.58580070333333,0.255858,0.20059112,0.055266887,0.0030544288,C[Si](C)(C)CCS(N)(=O)=O,COc1ccc(B(O)O)cc1,CC#N.CC#N.CC#N.CC#N.F[P-](F)(F)(F)(F)F.[Cu+],O=C([O-])[O-].[K+].[K+],CC#N
1574,11.683841777666666,0.11683842,0.31829005,-0.20145163,0.040582757,CC(C)c1cc(C(C)C)c(S(N)(=O)=O)c(C(C)C)c1,COc1ccc(B(O)O)cc1,CC#N.CC#N.CC#N.CC#N.F[P-](F)(F)(F)(F)F.[Cu+],O=C([O-])[O-].[K+].[K+],CC#N
2015,27.96155069,0.27961552,0.36430252,-0.084686995,0.007171887,CC(=O)c1cccc(S(N)(=O)=O)c1,COc1ccc(B(O)O)cc1,O=S(=O)([O-])C(F)(F)F.O=S(=O)([O-])C(F)(F)F.[Cu+2],CN(C)c1ccncc1,CC#N
2016,29.018380736666668,0.2901838,0.1932005,0.09698331,0.009405763,NS(=O)(=O)Cc1ccccc1,COc1ccc(B(O)O)cc1,O=S(=O)([O-])C(F)(F)F.O=S(=O)([O-])C(F)(F)F.[Cu+2],CN(C)c1ccncc1,CC#N
2017,18.16120392666667,0.18161204,0.16618803,0.015424013,0.00023790018,NS(=O)(=O)c1c(F)cccc1Br,COc1ccc(B(O)O)cc1,O=S(=O)([O-])C(F)(F)F.O=S(=O)([O-])C(F)(F)F.[Cu+2],CN(C)c1ccncc1,CC#N
2018,42.13506876333333,0.4213507,0.66919434,-0.24784365,0.061426476,NS(=O)(=O)C(F)(F)F,COc1ccc(B(O)O)cc1,O=S(=O)([O-])C(F)(F)F.O=S(=O)([O-])C(F)(F)F.[Cu+2],CN(C)c1ccncc1,CC#N
2019,28.272189683333337,0.2827219,0.15707523,0.12564668,0.01578709,Cc1c(Cl)cccc1S(N)(=O)=O,COc1ccc(B(O)O)cc1,O=S(=O)([O-])C(F)(F)F.O=S(=O)([O-])C(F)(F)F.[Cu+2],CN(C)c1ccncc1,CC#N
2020,14.674681935,0.14674681,0.32129443,-0.17454761,0.03046687,NS(=O)(=O)c1cnc(Cl)c(Cl)c1,COc1ccc(B(O)O)cc1,O=S(=O)([O-])C(F)(F)F.O=S(=O)([O-])C(F)(F)F.[Cu+2],CN(C)c1ccncc1,CC#N
2021,39.54125257333333,0.39541253,0.22896144,0.1664511,0.027705967,NS(=O)(=O)c1ccc(Cl)s1,COc1ccc(B(O)O)cc1,O=S(=O)([O-])C(F)(F)F.O=S(=O)([O-])C(F)(F)F.[Cu+2],CN(C)c1ccncc1,CC#N
2022,24.027436196666667,0.24027435,0.22891632,0.011358038,0.00012900501,N#Cc1ccccc1CS(N)(=O)=O,COc1ccc(B(O)O)cc1,O=S(=O)([O-])C(F)(F)F.O=S(=O)([O-])C(F)(F)F.[Cu+2],CN(C)c1ccncc1,CC#N
2023,38.90747048666667,0.3890747,0.2929394,0.09613532,0.009241999,NS(=O)(=O)c1c(Cl)nc2sccn12,COc1ccc(B(O)O)cc1,O=S(=O)([O-])C(F)(F)F.O=S(=O)([O-])C(F)(F)F.[Cu+2],CN(C)c1ccncc1,CC#N
2024,47.813173260000006,0.47813174,0.35048825,0.1276435,0.016292863,COC(=O)c1ccc(I)cc1S(N)(=O)=O,COc1ccc(B(O)O)cc1,O=S(=O)([O-])C(F)(F)F.O=S(=O)([O-])C(F)(F)F.[Cu+2],CN(C)c1ccncc1,CC#N
2025,14.86797621,0.14867976,0.12934083,0.019338936,0.00037399444,CS(N)(=O)=O,COc1ccc(B(O)O)cc1,O=S(=O)([O-])C(F)(F)F.O=S(=O)([O-])C(F)(F)F.[Cu+2],CN(C)c1ccncc1,CC#N
2026,1.818248999,0.01818249,0.36978248,-0.3516,0.12362255,Cc1cccnc1S(N)(=O)=O,COc1ccc(B(O)O)cc1,O=S(=O)([O-])C(F)(F)F.O=S(=O)([O-])C(F)(F)F.[Cu+2],CN(C)c1ccncc1,CC#N
2027,29.643204793333336,0.29643205,0.32323176,-0.026799709,0.0007182244,CN(C)c1ccc(S(N)(=O)=O)cc1[N+](=O)[O-],COc1ccc(B(O)O)cc1,O=S(=O)([O-])C(F)(F)F.O=S(=O)([O-])C(F)(F)F.[Cu+2],CN(C)c1ccncc1,CC#N
2028,51.14503372666667,0.51145035,0.3687104,0.14273995,0.020374693,NS(=O)(=O)c1cc(Cl)ccc1[N+](=O)[O-],COc1ccc(B(O)O)cc1,O=S(=O)([O-])C(F)(F)F.O=S(=O)([O-])C(F)(F)F.[Cu+2],CN(C)c1ccncc1,CC#N
2029,43.08939740666667,0.430894,0.17084797,0.260046,0.06762393,NS(=O)(=O)c1ccc(OC(F)(F)F)cc1Cl,COc1ccc(B(O)O)cc1,O=S(=O)([O-])C(F)(F)F.O=S(=O)([O-])C(F)(F)F.[Cu+2],CN(C)c1ccncc1,CC#N
2030,20.56639518333333,0.20566395,0.21773255,-0.012068599,0.0001456511,COc1cccc(CS(N)(=O)=O)c1,COc1ccc(B(O)O)cc1,O=S(=O)([O-])C(F)(F)F.O=S(=O)([O-])C(F)(F)F.[Cu+2],CN(C)c1ccncc1,CC#N
2031,50.30440153999999,0.503044,0.2843252,0.2187188,0.047837913,NS(=O)(=O)c1cccc2nonc12,COc1ccc(B(O)O)cc1,O=S(=O)([O-])C(F)(F)F.O=S(=O)([O-])C(F)(F)F.[Cu+2],CN(C)c1ccncc1,CC#N
2032,5.7785588475,0.05778559,0.13525969,-0.0774741,0.0060022366,NS(=O)(=O)c1c(F)c(F)c(F)c(F)c1F,COc1ccc(B(O)O)cc1,O=S(=O)([O-])C(F)(F)F.O=S(=O)([O-])C(F)(F)F.[Cu+2],CN(C)c1ccncc1,CC#N
2033,20.620168743333338,0.20620169,0.26292062,-0.05671893,0.003217037,NS(=O)(=O)c1ccccc1,COc1ccc(B(O)O)cc1,O=S(=O)([O-])C(F)(F)F.O=S(=O)([O-])C(F)(F)F.[Cu+2],CN(C)c1ccncc1,CC#N
2034,21.732978776666663,0.21732979,0.20126411,0.016065672,0.0002581058,Cc1nn(C)cc1S(N)(=O)=O,COc1ccc(B(O)O)cc1,O=S(=O)([O-])C(F)(F)F.O=S(=O)([O-])C(F)(F)F.[Cu+2],CN(C)c1ccncc1,CC#N
2035,21.086066083333336,0.21086065,0.1841826,0.026678056,0.00071171863,C[Si](C)(C)CCS(N)(=O)=O,COc1ccc(B(O)O)cc1,O=S(=O)([O-])C(F)(F)F.O=S(=O)([O-])C(F)(F)F.[Cu+2],CN(C)c1ccncc1,CC#N
2628,12.261323325666666,0.12261324,0.087592274,0.035020962,0.0012264678,CC(=O)c1cccc(S(N)(=O)=O)c1,COc1ccc(B(O)O)cc1,CC#N.CC#N.CC#N.CC#N.F[P-](F)(F)(F)(F)F.[Cu+],,CO
2629,0.684137584,0.006841376,0.0718335,-0.06499212,0.004223976,NS(=O)(=O)c1c(F)cccc1Br,COc1ccc(B(O)O)cc1,CC#N.CC#N.CC#N.CC#N.F[P-](F)(F)(F)(F)F.[Cu+],,CO
2630,1.4852773536666668,0.014852773,0.050434083,-0.03558131,0.0012660295,NS(=O)(=O)c1cnc(Cl)c(Cl)c1,COc1ccc(B(O)O)cc1,CC#N.CC#N.CC#N.CC#N.F[P-](F)(F)(F)(F)F.[Cu+],,CO
2631,1.6519797493333332,0.016519798,0.017542154,-0.0010223556,1.0452111e-06,NS(=O)(=O)c1ccc(Cl)s1,COc1ccc(B(O)O)cc1,CC#N.CC#N.CC#N.CC#N.F[P-](F)(F)(F)(F)F.[Cu+],,CO
2632,21.179983794666665,0.21179985,0.052634947,0.1591649,0.025333468,N#Cc1ccccc1CS(N)(=O)=O,COc1ccc(B(O)O)cc1,CC#N.CC#N.CC#N.CC#N.F[P-](F)(F)(F)(F)F.[Cu+],,CO
2633,17.681510306666667,0.17681511,0.07563555,0.101179555,0.010237303,NS(=O)(=O)c1c(Cl)nc2sccn12,COc1ccc(B(O)O)cc1,CC#N.CC#N.CC#N.CC#N.F[P-](F)(F)(F)(F)F.[Cu+],,CO
2634,2.5830992216666666,0.025830992,0.10495939,-0.0791284,0.0062613036,COC(=O)c1ccc(I)cc1S(N)(=O)=O,COc1ccc(B(O)O)cc1,CC#N.CC#N.CC#N.CC#N.F[P-](F)(F)(F)(F)F.[Cu+],,CO
2635,1.321148921,0.01321149,0.07667707,-0.06346558,0.00402788,CS(N)(=O)=O,COc1ccc(B(O)O)cc1,CC#N.CC#N.CC#N.CC#N.F[P-](F)(F)(F)(F)F.[Cu+],,CO
2636,66.41071701666668,0.66410714,0.1785914,0.48551574,0.23572554,Cc1cccnc1S(N)(=O)=O,COc1ccc(B(O)O)cc1,CC#N.CC#N.CC#N.CC#N.F[P-](F)(F)(F)(F)F.[Cu+],,CO
2637,0.863322356,0.008633223,0.033906385,-0.025273163,0.00063873274,CN(C)c1ccc(S(N)(=O)=O)cc1[N+](=O)[O-],COc1ccc(B(O)O)cc1,CC#N.CC#N.CC#N.CC#N.F[P-](F)(F)(F)(F)F.[Cu+],,CO
2638,2.6100995573333337,0.026100995,0.16326244,-0.13716145,0.018813264,NS(=O)(=O)c1cc(Cl)ccc1[N+](=O)[O-],COc1ccc(B(O)O)cc1,CC#N.CC#N.CC#N.CC#N.F[P-](F)(F)(F)(F)F.[Cu+],,CO
2639,1.1874988895,0.011874989,0.09844983,-0.086574845,0.007495204,COc1cccc(CS(N)(=O)=O)c1,COc1ccc(B(O)O)cc1,CC#N.CC#N.CC#N.CC#N.F[P-](F)(F)(F)(F)F.[Cu+],,CO
2640,2.3417962876666665,0.023417963,0.08660863,-0.06319067,0.0039930604,NS(=O)(=O)c1cccc2nonc12,COc1ccc(B(O)O)cc1,CC#N.CC#N.CC#N.CC#N.F[P-](F)(F)(F)(F)F.[Cu+],,CO
2641,1.6846606355000002,0.016846607,0.07759196,-0.06074536,0.0036899985,NS(=O)(=O)c1c(F)c(F)c(F)c(F)c1F,COc1ccc(B(O)O)cc1,CC#N.CC#N.CC#N.CC#N.F[P-](F)(F)(F)(F)F.[Cu+],,CO
2642,0.988334995,0.00988335,0.050187305,-0.040303953,0.0016244086,NS(=O)(=O)c1ccccc1,COc1ccc(B(O)O)cc1,CC#N.CC#N.CC#N.CC#N.F[P-](F)(F)(F)(F)F.[Cu+],,CO
2819,27.18649716333333,0.27186498,0.40786892,-0.13600394,0.018497072,CC(=O)c1cccc(S(N)(=O)=O)c1,COc1ccc(B(O)O)cc1,CC(=O)[O-].CC(=O)[O-].[Cu+2],CN(C)c1ccncc1,CO
2820,11.276852080333333,0.11276852,0.21942276,-0.106654234,0.0113751255,NS(=O)(=O)Cc1ccccc1,COc1ccc(B(O)O)cc1,CC(=O)[O-].CC(=O)[O-].[Cu+2],CN(C)c1ccncc1,CO
2821,12.269030259666666,0.122690305,0.24500504,-0.122314736,0.014960894,NS(=O)(=O)c1c(F)cccc1Br,COc1ccc(B(O)O)cc1,CC(=O)[O-].CC(=O)[O-].[Cu+2],CN(C)c1ccncc1,CO
2822,54.095945910000005,0.5409595,0.68940634,-0.14844686,0.02203647,NS(=O)(=O)C(F)(F)F,COc1ccc(B(O)O)cc1,CC(=O)[O-].CC(=O)[O-].[Cu+2],CN(C)c1ccncc1,CO
2823,22.793866577,0.22793867,0.25918737,-0.031248704,0.0009764815,Cc1c(Cl)cccc1S(N)(=O)=O,COc1ccc(B(O)O)cc1,CC(=O)[O-].CC(=O)[O-].[Cu+2],CN(C)c1ccncc1,CO
2824,24.08908523,0.24089085,0.37700218,-0.13611133,0.018526295,NS(=O)(=O)c1cnc(Cl)c(Cl)c1,COc1ccc(B(O)O)cc1,CC(=O)[O-].CC(=O)[O-].[Cu+2],CN(C)c1ccncc1,CO
2825,43.31212084,0.4331212,0.26469597,0.16842523,0.02836706,NS(=O)(=O)c1ccc(Cl)s1,COc1ccc(B(O)O)cc1,CC(=O)[O-].CC(=O)[O-].[Cu+2],CN(C)c1ccncc1,CO
2826,20.57093846333333,0.20570938,0.25690413,-0.051194742,0.0026209017,N#Cc1ccccc1CS(N)(=O)=O,COc1ccc(B(O)O)cc1,CC(=O)[O-].CC(=O)[O-].[Cu+2],CN(C)c1ccncc1,CO
2827,32.580092198,0.32580093,0.30772495,0.018075973,0.0003267408,NS(=O)(=O)c1c(Cl)nc2sccn12,COc1ccc(B(O)O)cc1,CC(=O)[O-].CC(=O)[O-].[Cu+2],CN(C)c1ccncc1,CO
2828,36.44307008,0.3644307,0.35673332,0.0076973736,5.924956e-05,COC(=O)c1ccc(I)cc1S(N)(=O)=O,COc1ccc(B(O)O)cc1,CC(=O)[O-].CC(=O)[O-].[Cu+2],CN(C)c1ccncc1,CO
2829,9.661774133,0.09661774,0.13970461,-0.04308687,0.0018564785,CS(N)(=O)=O,COc1ccc(B(O)O)cc1,CC(=O)[O-].CC(=O)[O-].[Cu+2],CN(C)c1ccncc1,CO
2830,39.673611331,0.39673612,0.43324798,-0.03651187,0.0013331166,Cc1cccnc1S(N)(=O)=O,COc1ccc(B(O)O)cc1,CC(=O)[O-].CC(=O)[O-].[Cu+2],CN(C)c1ccncc1,CO
2831,22.571927573333337,0.22571927,0.3572871,-0.13156784,0.017310096,CN(C)c1ccc(S(N)(=O)=O)cc1[N+](=O)[O-],COc1ccc(B(O)O)cc1,CC(=O)[O-].CC(=O)[O-].[Cu+2],CN(C)c1ccncc1,CO
2832,29.186796609333328,0.29186797,0.430098,-0.13823003,0.01910754,NS(=O)(=O)c1cc(Cl)ccc1[N+](=O)[O-],COc1ccc(B(O)O)cc1,CC(=O)[O-].CC(=O)[O-].[Cu+2],CN(C)c1ccncc1,CO
2833,46.11624974866667,0.4611625,0.2780316,0.18313092,0.033536933,NS(=O)(=O)c1ccc(OC(F)(F)F)cc1Cl,COc1ccc(B(O)O)cc1,CC(=O)[O-].CC(=O)[O-].[Cu+2],CN(C)c1ccncc1,CO
2834,14.913633143666669,0.14913633,0.21032801,-0.061191678,0.0037444215,COc1cccc(CS(N)(=O)=O)c1,COc1ccc(B(O)O)cc1,CC(=O)[O-].CC(=O)[O-].[Cu+2],CN(C)c1ccncc1,CO
2835,43.052774629666665,0.43052775,0.3782243,0.052303433,0.0027356492,NS(=O)(=O)c1cccc2nonc12,COc1ccc(B(O)O)cc1,CC(=O)[O-].CC(=O)[O-].[Cu+2],CN(C)c1ccncc1,CO
2836,5.9517986035,0.059517987,0.23733807,-0.17782009,0.031619985,NS(=O)(=O)c1c(F)c(F)c(F)c(F)c1F,COc1ccc(B(O)O)cc1,CC(=O)[O-].CC(=O)[O-].[Cu+2],CN(C)c1ccncc1,CO
2837,13.452680288666665,0.1345268,0.27145603,-0.13692923,0.018749613,NS(=O)(=O)c1ccccc1,COc1ccc(B(O)O)cc1,CC(=O)[O-].CC(=O)[O-].[Cu+2],CN(C)c1ccncc1,CO
2838,10.408382235666666,0.10408382,0.17937699,-0.07529317,0.005669061,Cc1nn(C)cc1S(N)(=O)=O,COc1ccc(B(O)O)cc1,CC(=O)[O-].CC(=O)[O-].[Cu+2],CN(C)c1ccncc1,CO
2839,7.697362531666667,0.076973625,0.18671745,-0.109743826,0.012043707,C[Si](C)(C)CCS(N)(=O)=O,COc1ccc(B(O)O)cc1,CC(=O)[O-].CC(=O)[O-].[Cu+2],CN(C)c1ccncc1,CO
3168,35.51453309666667,0.35514534,0.24696147,0.10818386,0.011703747,CC(=O)c1cccc(S(N)(=O)=O)c1,COc1ccc(B(O)O)cc1,CC#N.CC#N.CC#N.CC#N.F[P-](F)(F)(F)(F)F.[Cu+],O=C([O-])[O-].[K+].[K+],CCOC(C)=O
3169,44.5855489,0.4458555,0.27150616,0.17434934,0.03039769,CC(=O)c1cccc(S(N)(=O)=O)c1,COc1ccc(B(O)O)cc1,O=S(=O)([O-])C(F)(F)F.O=S(=O)([O-])C(F)(F)F.[Cu+2],O=C([O-])[O-].[K+].[K+],CCOC(C)=O
3170,49.54131464666667,0.49541315,0.21181802,0.28359514,0.08042621,NS(=O)(=O)Cc1ccccc1,COc1ccc(B(O)O)cc1,CC#N.CC#N.CC#N.CC#N.F[P-](F)(F)(F)(F)F.[Cu+],O=C([O-])[O-].[K+].[K+],CCOC(C)=O
3171,45.70854606666666,0.45708546,0.2321285,0.22495696,0.050605632,NS(=O)(=O)Cc1ccccc1,COc1ccc(B(O)O)cc1,O=S(=O)([O-])C(F)(F)F.O=S(=O)([O-])C(F)(F)F.[Cu+2],O=C([O-])[O-].[K+].[K+],CCOC(C)=O
3172,20.55524532333333,0.20555246,0.2797795,-0.074227035,0.0055096527,NS(=O)(=O)c1c(F)cccc1Br,COc1ccc(B(O)O)cc1,CC#N.CC#N.CC#N.CC#N.F[P-](F)(F)(F)(F)F.[Cu+],O=C([O-])[O-].[K+].[K+],CCOC(C)=O
3173,9.987789068666666,0.099877894,0.3024853,-0.2026074,0.041049756,NS(=O)(=O)c1c(F)cccc1Br,COc1ccc(B(O)O)cc1,O=S(=O)([O-])C(F)(F)F.O=S(=O)([O-])C(F)(F)F.[Cu+2],O=C([O-])[O-].[K+].[K+],CCOC(C)=O
3174,68.44924694000001,0.68449247,0.44267988,0.24181259,0.058473326,NS(=O)(=O)C(F)(F)F,COc1ccc(B(O)O)cc1,CC#N.CC#N.CC#N.CC#N.F[P-](F)(F)(F)(F)F.[Cu+],O=C([O-])[O-].[K+].[K+],CCOC(C)=O
3175,62.617887816666666,0.62617886,0.44731694,0.17886192,0.031991586,NS(=O)(=O)C(F)(F)F,COc1ccc(B(O)O)cc1,O=S(=O)([O-])C(F)(F)F.O=S(=O)([O-])C(F)(F)F.[Cu+2],O=C([O-])[O-].[K+].[K+],CCOC(C)=O
3176,15.754085448,0.15754086,0.3095159,-0.15197504,0.02309641,Cc1c(Cl)cccc1S(N)(=O)=O,COc1ccc(B(O)O)cc1,CC#N.CC#N.CC#N.CC#N.F[P-](F)(F)(F)(F)F.[Cu+],O=C([O-])[O-].[K+].[K+],CCOC(C)=O
3177,20.944403803333337,0.20944403,0.34465593,-0.1352119,0.018282257,Cc1c(Cl)cccc1S(N)(=O)=O,COc1ccc(B(O)O)cc1,O=S(=O)([O-])C(F)(F)F.O=S(=O)([O-])C(F)(F)F.[Cu+2],O=C([O-])[O-].[K+].[K+],CCOC(C)=O
3178,90.71349337666668,0.90713495,0.41478246,0.4923525,0.24241097,NS(=O)(=O)c1cnc(Cl)c(Cl)c1,COc1ccc(B(O)O)cc1,CC#N.CC#N.CC#N.CC#N.F[P-](F)(F)(F)(F)F.[Cu+],O=C([O-])[O-].[K+].[K+],CCOC(C)=O
3179,92.55911403,0.9255911,0.44233602,0.4832551,0.23353548,NS(=O)(=O)c1cnc(Cl)c(Cl)c1,COc1ccc(B(O)O)cc1,O=S(=O)([O-])C(F)(F)F.O=S(=O)([O-])C(F)(F)F.[Cu+2],O=C([O-])[O-].[K+].[K+],CCOC(C)=O
3180,31.31676065,0.3131676,0.3444839,-0.03131631,0.0009807113,NS(=O)(=O)c1ccc(Cl)s1,COc1ccc(B(O)O)cc1,CC#N.CC#N.CC#N.CC#N.F[P-](F)(F)(F)(F)F.[Cu+],O=C([O-])[O-].[K+].[K+],CCOC(C)=O
3181,39.25887259333334,0.39258873,0.38973725,0.0028514862,8.130974e-06,NS(=O)(=O)c1ccc(Cl)s1,COc1ccc(B(O)O)cc1,O=S(=O)([O-])C(F)(F)F.O=S(=O)([O-])C(F)(F)F.[Cu+2],O=C([O-])[O-].[K+].[K+],CCOC(C)=O
3182,22.863646871666663,0.22863647,0.30296803,-0.07433155,0.0055251797,N#Cc1ccccc1CS(N)(=O)=O,COc1ccc(B(O)O)cc1,CC#N.CC#N.CC#N.CC#N.F[P-](F)(F)(F)(F)F.[Cu+],O=C([O-])[O-].[K+].[K+],CCOC(C)=O
3183,9.891960360666667,0.0989196,0.32590747,-0.22698787,0.05152349,N#Cc1ccccc1CS(N)(=O)=O,COc1ccc(B(O)O)cc1,O=S(=O)([O-])C(F)(F)F.O=S(=O)([O-])C(F)(F)F.[Cu+2],O=C([O-])[O-].[K+].[K+],CCOC(C)=O
3184,18.85056224333333,0.18850562,0.33084053,-0.14233491,0.020259226,NS(=O)(=O)c1c(Cl)nc2sccn12,COc1ccc(B(O)O)cc1,CC#N.CC#N.CC#N.CC#N.F[P-](F)(F)(F)(F)F.[Cu+],O=C([O-])[O-].[K+].[K+],CCOC(C)=O
3185,13.68997988,0.1368998,0.35934544,-0.22244564,0.049482062,NS(=O)(=O)c1c(Cl)nc2sccn12,COc1ccc(B(O)O)cc1,O=S(=O)([O-])C(F)(F)F.O=S(=O)([O-])C(F)(F)F.[Cu+2],O=C([O-])[O-].[K+].[K+],CCOC(C)=O
3186,21.19425208,0.21194252,0.3007834,-0.08884087,0.007892701,COC(=O)c1ccc(I)cc1S(N)(=O)=O,COc1ccc(B(O)O)cc1,CC#N.CC#N.CC#N.CC#N.F[P-](F)(F)(F)(F)F.[Cu+],O=C([O-])[O-].[K+].[K+],CCOC(C)=O
3187,17.563167323333335,0.17563167,0.3193043,-0.14367262,0.02064182,COC(=O)c1ccc(I)cc1S(N)(=O)=O,COc1ccc(B(O)O)cc1,O=S(=O)([O-])C(F)(F)F.O=S(=O)([O-])C(F)(F)F.[Cu+2],O=C([O-])[O-].[K+].[K+],CCOC(C)=O
3188,6.583791413,0.06583791,0.18392923,-0.11809132,0.013945561,CS(N)(=O)=O,COc1ccc(B(O)O)cc1,CC#N.CC#N.CC#N.CC#N.F[P-](F)(F)(F)(F)F.[Cu+],O=C([O-])[O-].[K+].[K+],CCOC(C)=O
3189,12.766087169333332,0.12766087,0.20123433,-0.073573455,0.005413053,CS(N)(=O)=O,COc1ccc(B(O)O)cc1,O=S(=O)([O-])C(F)(F)F.O=S(=O)([O-])C(F)(F)F.[Cu+2],O=C([O-])[O-].[K+].[K+],CCOC(C)=O
3190,0.899499979,0.008994999,0.097472586,-0.08847759,0.007828284,Cc1cccnc1S(N)(=O)=O,COc1ccc(B(O)O)cc1,CC#N.CC#N.CC#N.CC#N.F[P-](F)(F)(F)(F)F.[Cu+],O=C([O-])[O-].[K+].[K+],CCOC(C)=O
3191,1.405165742,0.014051657,0.1010139,-0.08696224,0.007562431,Cc1cccnc1S(N)(=O)=O,COc1ccc(B(O)O)cc1,O=S(=O)([O-])C(F)(F)F.O=S(=O)([O-])C(F)(F)F.[Cu+2],O=C([O-])[O-].[K+].[K+],CCOC(C)=O
3192,32.902064896666666,0.32902065,0.2542106,0.07481006,0.0055965446,CN(C)c1ccc(S(N)(=O)=O)cc1[N+](=O)[O-],COc1ccc(B(O)O)cc1,CC#N.CC#N.CC#N.CC#N.F[P-](F)(F)(F)(F)F.[Cu+],O=C([O-])[O-].[K+].[K+],CCOC(C)=O
3193,34.35361857666667,0.3435362,0.29489607,0.048640132,0.0023658625,CN(C)c1ccc(S(N)(=O)=O)cc1[N+](=O)[O-],COc1ccc(B(O)O)cc1,O=S(=O)([O-])C(F)(F)F.O=S(=O)([O-])C(F)(F)F.[Cu+2],O=C([O-])[O-].[K+].[K+],CCOC(C)=O
3194,61.933866076666654,0.61933863,0.29520828,0.32413036,0.10506049,NS(=O)(=O)c1cc(Cl)ccc1[N+](=O)[O-],COc1ccc(B(O)O)cc1,CC#N.CC#N.CC#N.CC#N.F[P-](F)(F)(F)(F)F.[Cu+],O=C([O-])[O-].[K+].[K+],CCOC(C)=O
3195,67.24249679666667,0.672425,0.30747288,0.3649521,0.13319002,NS(=O)(=O)c1cc(Cl)ccc1[N+](=O)[O-],COc1ccc(B(O)O)cc1,O=S(=O)([O-])C(F)(F)F.O=S(=O)([O-])C(F)(F)F.[Cu+2],O=C([O-])[O-].[K+].[K+],CCOC(C)=O
3196,33.066140729666664,0.33066142,0.3352576,-0.0045961738,2.1124813e-05,NS(=O)(=O)c1ccc(OC(F)(F)F)cc1Cl,COc1ccc(B(O)O)cc1,CC#N.CC#N.CC#N.CC#N.F[P-](F)(F)(F)(F)F.[Cu+],O=C([O-])[O-].[K+].[K+],CCOC(C)=O
3197,37.59554706,0.37595546,0.3655181,0.010437369,0.00010893868,NS(=O)(=O)c1ccc(OC(F)(F)F)cc1Cl,COc1ccc(B(O)O)cc1,O=S(=O)([O-])C(F)(F)F.O=S(=O)([O-])C(F)(F)F.[Cu+2],O=C([O-])[O-].[K+].[K+],CCOC(C)=O
3198,42.612276666666666,0.42612275,0.23837471,0.18774804,0.03524933,COc1cccc(CS(N)(=O)=O)c1,COc1ccc(B(O)O)cc1,CC#N.CC#N.CC#N.CC#N.F[P-](F)(F)(F)(F)F.[Cu+],O=C([O-])[O-].[K+].[K+],CCOC(C)=O
3199,45.50292249333333,0.45502922,0.25464445,0.20038477,0.040154055,COc1cccc(CS(N)(=O)=O)c1,COc1ccc(B(O)O)cc1,O=S(=O)([O-])C(F)(F)F.O=S(=O)([O-])C(F)(F)F.[Cu+2],O=C([O-])[O-].[K+].[K+],CCOC(C)=O
3200,2.694952127666667,0.026949521,0.29167235,-0.26472282,0.07007817,NS(=O)(=O)c1cccc2nonc12,COc1ccc(B(O)O)cc1,CC#N.CC#N.CC#N.CC#N.F[P-](F)(F)(F)(F)F.[Cu+],O=C([O-])[O-].[K+].[K+],CCOC(C)=O
3201,1.9059762376666665,0.019059762,0.303106,-0.28404623,0.08068226,NS(=O)(=O)c1cccc2nonc12,COc1ccc(B(O)O)cc1,O=S(=O)([O-])C(F)(F)F.O=S(=O)([O-])C(F)(F)F.[Cu+2],O=C([O-])[O-].[K+].[K+],CCOC(C)=O
3202,45.7963853,0.45796385,0.28424045,0.1737234,0.03017982,NS(=O)(=O)c1c(F)c(F)c(F)c(F)c1F,COc1ccc(B(O)O)cc1,CC#N.CC#N.CC#N.CC#N.F[P-](F)(F)(F)(F)F.[Cu+],O=C([O-])[O-].[K+].[K+],CCOC(C)=O
3203,34.39014559666666,0.34390146,0.29237592,0.051525533,0.0026548805,NS(=O)(=O)c1c(F)c(F)c(F)c(F)c1F,COc1ccc(B(O)O)cc1,O=S(=O)([O-])C(F)(F)F.O=S(=O)([O-])C(F)(F)F.[Cu+2],O=C([O-])[O-].[K+].[K+],CCOC(C)=O
3204,14.083016217666668,0.14083016,0.22298491,-0.08215475,0.006749403,NS(=O)(=O)c1ccccc1,COc1ccc(B(O)O)cc1,CC#N.CC#N.CC#N.CC#N.F[P-](F)(F)(F)(F)F.[Cu+],O=C([O-])[O-].[K+].[K+],CCOC(C)=O
3205,16.763565136666667,0.16763565,0.24478915,-0.077153504,0.0059526633,NS(=O)(=O)c1ccccc1,COc1ccc(B(O)O)cc1,O=S(=O)([O-])C(F)(F)F.O=S(=O)([O-])C(F)(F)F.[Cu+2],O=C([O-])[O-].[K+].[K+],CCOC(C)=O
3206,22.520799096666668,0.22520798,0.2831924,-0.05798441,0.003362192,Cc1nn(C)cc1S(N)(=O)=O,COc1ccc(B(O)O)cc1,CC#N.CC#N.CC#N.CC#N.F[P-](F)(F)(F)(F)F.[Cu+],O=C([O-])[O-].[K+].[K+],CCOC(C)=O
3207,24.487612883333338,0.24487613,0.32152647,-0.07665034,0.005875274,Cc1nn(C)cc1S(N)(=O)=O,COc1ccc(B(O)O)cc1,O=S(=O)([O-])C(F)(F)F.O=S(=O)([O-])C(F)(F)F.[Cu+2],O=C([O-])[O-].[K+].[K+],CCOC(C)=O
3208,25.694548283333333,0.2569455,0.22492924,0.032016248,0.00102504,C[Si](C)(C)CCS(N)(=O)=O,COc1ccc(B(O)O)cc1,CC#N.CC#N.CC#N.CC#N.F[P-](F)(F)(F)(F)F.[Cu+],O=C([O-])[O-].[K+].[K+],CCOC(C)=O
3209,20.521187526666665,0.20521188,0.2553547,-0.050142825,0.002514303,C[Si](C)(C)CCS(N)(=O)=O,COc1ccc(B(O)O)cc1,O=S(=O)([O-])C(F)(F)F.O=S(=O)([O-])C(F)(F)F.[Cu+2],O=C([O-])[O-].[K+].[K+],CCOC(C)=O
3210,8.876800931,0.08876801,0.36283648,-0.27406847,0.07511353,CC(C)c1cc(C(C)C)c(S(N)(=O)=O)c(C(C)C)c1,COc1ccc(B(O)O)cc1,CC#N.CC#N.CC#N.CC#N.F[P-](F)(F)(F)(F)F.[Cu+],O=C([O-])[O-].[K+].[K+],CCOC(C)=O
3211,8.177787076,0.08177787,0.40914643,-0.32736856,0.10717017,CC(C)c1cc(C(C)C)c(S(N)(=O)=O)c(C(C)C)c1,COc1ccc(B(O)O)cc1,O=S(=O)([O-])C(F)(F)F.O=S(=O)([O-])C(F)(F)F.[Cu+2],O=C([O-])[O-].[K+].[K+],CCOC(C)=O
